row_id,raw,raw_en
Welche Meinung haben Sie zum 9-Punkte-Plan? (190)_19,Ich stimme dem 9 Punkteplan zu in allen Bereichen. Ich sage aber auch warum nicht stop mit den Asylaufnahmen.Wir sind kein Einwanderungsland. Warum nicht Schluss mit den aufnahmen. Das spart viel Kosten und Ärger.,I agree with the 9-point plan in every respect. But I'll also say why not stop taking in asylum seekers. We are not a country of immigration. Why not put an end to admissions. That would save a lot of money and hassle.
Welche Meinung haben Sie zum 9-Punkte-Plan? (190)_36,Überfällig ja aber wer hat soviel Eier in der Hose das auch zu machen?? Sofort schreien die Grünen mit mir nicht. Die Linken die so viel Dreck aus der Vergangenheit an ihren Händen haben mit uns nicht und so geht es weiter wie ein Roter Strich. Unfähig sage ich nur alle die da oben in Berlin sitzen.,"Overdue, yes, but who has the guts to actually do it?? Right away the Greens start shouting 'not with me.' The Left, who have so much dirt from the past on their hands, say 'not with us' either, and so it goes on like a red thread running through it. Incompetent, that's all I can say about everyone sitting up there in Berlin."
Welche Meinung haben Sie zum 9-Punkte-Plan? (190)_56,"Also ich finde auch das die Bundeswehr im Inneren gegen das Gesetz verstoßen würde - das die Polizei eine bessere Ausrüstung benötigt ist auf alle Fälle klar! - die die unser Asylrecht missbrauchen, sollten sofort abgeschoben werden, damit andere die es benötigen, eher geholfen wird","Well, I also think that deploying the Bundeswehr domestically would violate the law - that the police need better equipment is absolutely clear! - those who abuse our asylum law should be deported immediately, so that others who actually need it can be helped sooner"
Welche Meinung haben Sie zum 9-Punkte-Plan? (190)_64,"Vom Ansatz her richtig. Auch eine Einbindung der Bundeswehr erachte ich als sinnvoll. Bestimmt besser als die Auslandseinsätze für die anscheinend weder Ausbildung noch Ausrüstung reichen. Von einer Militäraufrüstung ist unbedingt abzuraten. Wenn wir schon so viel Geld für die Bundeswehr ausgeben, so ist das bei einer intensiven Zusammenarbeit mit den Polizeibehörden besser angelegt. Warum brauchen wir immer für alles 2 Strukturen (hier Polizei - da BW). Ganz wichtig ist natürlich eine bundesweite Vernetzung (warum brauchen wir eigentlich 16 Bundesländer?) und eine internationale (EU). Abschieben ohne wenn und aber (natürlich nur die, die kein Aufenthaltsstatus haben). Länder die ihre Landsleute nicht mehr aufnehmen wollen müssen diplomatisch/wirtschaftlich dazu gezwungen werden.","Right in its approach. I also consider involving the Bundeswehr to be sensible. Certainly better than the foreign deployments, for which neither the training nor the equipment seems to be sufficient. Military rearmament is to be strongly discouraged. If we're already spending so much money on the Bundeswehr, that money would be better invested in close cooperation with the police authorities. Why do we always need two structures for everything (police here, Bundeswehr there)? Of course, nationwide networking is very important (why do we actually need 16 federal states?), as is international networking (EU). Deport without ifs or buts (of course only those without residency status). Countries that no longer want to take back their own citizens must be forced to do so diplomatically/economically."
Welche Meinung haben Sie zum 9-Punkte-Plan? (190)_68,"Zum Frühwarnsystem: ich wundere mich schon sehr lange. Wir schaffen es, zum Mond zu fliegen, aber Menschen, die in unser Land ohne Ausweispapiere einreisen wollen/Schutz suchen, die Fingerabdrücke abzunehmen und diese in einer zentralen Datei auszuwerten ist nicht möglich? Wie sollen Gefährder erkannt werden, wenn das System zu langsam und zu bürokratisch ist? Die Idee, ein Frühwarnsystem einzurichten ist gut, wird aber an den trägen Behörden scheitern. Mehr Personal: es ist noch nicht sehr lange her, da wurde die Reiterstaffel in Wuppertal abgeschafft, ebenso auch einige andere Staffeln. Das gab viel Leid, Tränen und Unverständnis. Und schon ein paar Jahre später werden neue Staffeln eingerichtet. Unsere Polizei schiebt Überstunden vor sich her, dass es einem graust. Nicht nur die Polizei muss verstärkt werden, sondern auch der Justizapparat. Um ein Gefühl der Sicherheit im Land zu haben, muss der Bürger sicher sein, dass nicht nur die Bombenleger, sondern auch die kleinen Einbrecher und Diebe gefasst und! verurteilt werden 3. : Gerne. Da so viele Menschen ihre Daten durch das Netz schicken, Payback- oder andere Karten nutzen und, und, und..glaube ich, dass sie Daten, die erfasst werden sollen, schon längst erfasst werden. 4.: Die Bundeswehr wird von den Steuerzahlern finanziert. Warum soll sie nicht unsere innere Sicherheit schützen? Also können Polizei und Bundeswehr miteinander üben. 5.: ja 6.: Es wäre gut, wenn innerhalb Deutschlands die Dateien vernetzt wären. Vielleicht erst einmal daran arbeiten.... 7. So schnell es geht 8.: Ist es das nicht schon bereits? 9.: Wir sind ein reiches Land und es geht uns sehr gut. Dass wir viele Flüchtlinge und/oder Asylsuchende hier haben, hat mich in meiner Lebensweise nicht eingeschränkt. Sobald aber ein Mensch, der hier die Gastfreundschaft genießt, straffällig wird ( damit meine ich nicht! das falsche Ausfüllen eines Formulars), hat er sein Gastrecht verwirkt und soll abgeschoben werden . Mein Fazit: Die einzelnen Punkte sind schön aufgestellt, aber leider sehe ich kein gutes Fundament. Wie konnte ein Amir die Behörden so lange an der Nase herumführen? Warum dauern Anträge manchmal Jahre? Um eine innere Sicherheit zu spüren müssen m. E. die Wege kurz und transparent sein. Polizei und Justiz müssen von Grund auf gestärkt werden. Ob mehr Abschiebungen alles rausreißen""? Ich weiß es nicht. Aber wenn die bestehenden Systeme stark wären, dann könnte man darauf auch aufbauen. Sonst ist der 9 Punkte Plan nur eine Worthülse.","On the early warning system: I've been wondering about this for a long time. We manage to fly to the moon, but it's not possible to take fingerprints of people entering our country without ID papers/seeking protection and evaluate them in a central database? How are potential threats supposed to be identified if the system is too slow and too bureaucratic? The idea of setting up an early warning system is good, but it will fail because of the sluggish authorities. More staff: it wasn't that long ago that the mounted police unit in Wuppertal was disbanded, along with several other units. That caused a lot of suffering, tears and incomprehension. And just a few years later, new units are being set up again. Our police are piling up so much overtime it's appalling. It's not just the police that need to be reinforced, but the judicial apparatus too. To have a sense of security in the country, citizens need to be sure that not only the bombers, but also the small-time burglars and thieves are caught and! convicted. 3.: Gladly. Since so many people send their data over the internet, use Payback or other loyalty cards, and so on and so on... I believe that the data that's supposed to be collected has already long since been collected. 4.: The Bundeswehr is financed by taxpayers. Why shouldn't it protect our internal security too? So the police and the Bundeswehr can train together. 5.: yes. 6.: It would be good if the databases within Germany were networked. Maybe start by working on that first.... 7. As fast as possible. 8.: Isn't that already the case? 9.: We are a wealthy country and we're doing very well. Having many refugees and/or asylum seekers here hasn't restricted my way of life. But as soon as a person who enjoys our hospitality here commits a crime (and I don't mean! filling out a form incorrectly), they have forfeited their right to be a guest and should be deported. My conclusion: the individual points are nicely laid out, but unfortunately I don't see a solid foundation. How could one Amir lead the authorities around by the nose for so long? Why do applications sometimes take years? To feel a sense of internal security, in my opinion, the processes need to be short and transparent. Police and the judiciary need to be strengthened from the ground up. Whether more deportations will fix everything? I don't know. But if the existing systems were strong, you could build on that. Otherwise the 9-point plan is just empty words."
Welche Meinung haben Sie zum 9-Punkte-Plan? (190)_73,"Der 9. Punkte Plan hört sich geschrieben schon mal gut an. Nur will Merkel diesen tatsächlich realisiere?! Daran möchte ich zweifeln. Selbst wenn man diese Frau bei Debatten beobachtet, sie kann sich ja toll überall heraus reden und meint alles wird gut! Für wen? Nicht für das Volk. In ihren Augen hingegen sind Zweifel und Unsicherheit über ihre eigenen Worte zu sehen! Gegen wie viele Gesetze hat diese Frau schon verstoßen?! Für mich ist diese Person, die ehemals zu Zeiten der DDR bei der Stasi war nicht glaubwürdig und für das ""DEUTSCHE VOLK"" untragbar. Doch ich fürchte, sie wird weiterhin Kanzlerin bleiben! Dafür gibt es so, wie Medien berichten leider noch immer genug Menschen, die ihr vertrauen. Wenn ich hundertmal betrogen werde, vertraue ich nicht mehr.","The 9-point plan sounds good on paper. But does Merkel actually intend to realize it?! I have my doubts about that. Even just watching this woman in debates, she's great at talking her way out of everything and claims everything will be fine! For whom? Not for the people. In her eyes, though, you can see doubt and uncertainty about her own words! How many laws has this woman already broken?! To me, this person, who was once with the Stasi back in GDR times, is not credible and is unbearable for the ""GERMAN PEOPLE."" But I'm afraid she'll remain chancellor! Because, as the media unfortunately report, there are still enough people who trust her. If I get cheated a hundred times, I stop trusting."
Welche Meinung haben Sie zum 9-Punkte-Plan? (190)_76,Das ist doch der Merkel so von Egal gegen was oder wer sie verstößt Hauptsache sie kann auf der Weltbühne Brillieren. Gab es in der DDR überhaupt so was wie Grundgesetze da war es doch so wer am meistens Mitbewohner Verraten konnte der durfte auch Studieren.,"That's just typical Merkel - doesn't matter what or who she violates, the main thing is she gets to shine on the world stage. Did the GDR even have something like a constitution? Back then it was more like: whoever could betray the most fellow residents was the one allowed to study."
Welche Meinung haben Sie zum 9-Punkte-Plan? (190)_78,"Schau dir doch mal die Merkel an wenn eine bestimmte Debatte im Bundestag besprochen werden soll,was macht diese Frau da, sie steht auf und geht daran kann man doch sofort erkennen,was diese Person für einen Charakter hat nicht mal für 5 Pfennig. Sie ignoriert doch alles was ihr nicht passt und da hilft immer noch wie es ihr Vorgänger gemacht hat (AUSSITZEN) vielleicht stirbt der andere ja und dann hat sich das Thema von alleine erledigt. Je mehr ich über diese Frau schreibe um so mehr bin ich von ihr und den anderen wie z.b.Schäuble angewidert. Aber es wird sich nichts ändern egal was wir hier schreiben. Und das beste zum Schluss ich habe diese Woche im ersten einen Bericht über Russlanddeutsche gesehen,was habe die da gesagt( DER KOHL hat uns Rüber geholt und sich um uns gekümmert und deswegen haben wir CDU gewählt). Und so lange wie das so ist,wird sich nichts ändern. Armes Reiches Deutschland.","Just look at Merkel - when a certain debate is supposed to be discussed in the Bundestag, what does this woman do? She gets up and leaves. That alone shows you what kind of character this person has - not worth 5 pfennigs. She ignores everything that doesn't suit her, and her go-to method is still the same one her predecessor used (SIT IT OUT) - maybe the other person will die and then the issue will resolve itself. The more I write about this woman, the more disgusted I am with her and others like Schäuble, for example. But nothing will change no matter what we write here. And best of all, this week I saw a report on Channel One about ethnic German repatriates from Russia - you know what they said? (KOHL brought us over here and took care of us, that's why we voted CDU.) And as long as that's how it is, nothing will change. Poor rich Germany."
Welche Meinung haben Sie zum 9-Punkte-Plan? (190)_86,"genau meiner meinung, nicht die bundesregierung hat das sagen, sondern die lobbys(auto,pharma, waffen....) die sagen, wo es langgeht","Exactly my opinion - it's not the federal government that calls the shots, it's the lobbies (auto, pharma, weapons....) who decide where things are headed."
Welche Meinung haben Sie zum 9-Punkte-Plan? (190)_107,"Punkt 4 (Bundeswehr) und Punkt 9 (Mehr Abschiebungen) halte ich für übertrieben. Die Forschungsvorhaben sollten nicht nur ""**islamistischen** Terror"" umfassen. Die Unterbindung des Online-Waffenhandels halte ich für sinnvoll.","I consider point 4 (Bundeswehr) and point 9 (more deportations) to be excessive. The research projects shouldn't only cover ""Islamist terrorism."" I do consider cracking down on online weapons trading to be sensible."
Welche Meinung haben Sie zum 9-Punkte-Plan? (190)_118,"Hallo Sammy, Meinungsfreiheit ist nicht gleichbedeutend mit dem verbreiten von Unwahrheiten. Ich kann bei Deiner Wortwahl nicht erkennen, dass Du bereit wärst, Angriffe gegen andere - zu denen Frau Merkel doch wohl auch gehört  zu unterlassen. Meine Aussage war absolut klar. Sie ärgert Dich. Das kann ich nicht ändern. Teile Deiner Worte zitiere ich  den Rest erspare ich uns, ist ja durchaus nachlesbar: _In ihren Augen hingegen sind Zweifel und Unsicherheit über ihre eigenen Worte zu sehen!_ _Gegen wie viele Gesetze hat diese Frau schon verstoßen?!_ _Für mich ist diese Person, die ehemals zu Zeiten der DDR bei der Stasi war nicht glaubwürdig und für das DEUTSCHE VOLK untragbar._","Hi Sammy, freedom of speech is not the same as spreading falsehoods. From your choice of words, I can't tell that you'd be willing to refrain from attacking others - which surely includes Mrs. Merkel too. My statement was perfectly clear. It annoys you. I can't change that. I'll quote parts of your words - I'll spare us the rest, since it's all there to read anyway: In her eyes, though, you can see doubt and uncertainty about her own words! How many laws has this woman already broken?! To me, this person, who was once with the Stasi back in GDR times, is not credible and is unbearable for the GERMAN PEOPLE."
Welche Meinung haben Sie zum 9-Punkte-Plan? (190)_129,"Erst einmal gut, dass man sich nicht nur auf eines versteift, sondern es mit vielen Maßnahmen angeht. Manche halte ich für mehr wichtig, manche für weniger. Vor allem aber muss man sehr früh ansetzen und ich denke das hat man erkannt. Denn wenn man früh ansetzt, die Gefährdung erkennt bzw. es am Ende durch eine gelungene Asyl-Politik dazu bringt, dass diese gar nicht entsteht, spart man sich auch die Kosten, um später Personen rund-um-die-Uhr zu überwachen. Bei der Thematik der Entschlüsselung der Netzkommunikation: Natürlich ist hier auch die Gefahr des Missbrauchs da, aber ich vertraue den staatlichen Stellen in gewisser Weise, wenngleich die Formulierung so klingt, als dauert so etwas ewig und man sei technisch gar nicht versiert. Wieso hat man dies nicht schon vorher gemacht? Forschung und Prävention ist schön und gut, aber nicht so relevant. Online-Waffenkauf halte ich auch nicht für so grundlegend und wichtig. Viel wichtiger ist da wieder die verstärkte Zusammenarbeit der Geheimdienste. Aber das verspricht man nach jedem Terror-Akt und am Ende bleibt jeder für sich. Ich verstehe ja auch die einzelnen Länder, die natürlich auch Informationen als Machtbasis für sich behalten wollen. Der Punkt mit den Abschiebung halte ich für sehr wichtig und ist daher an 9. Stelle etwas zu weit hinten platziert.","First of all, it's good that they're not fixating on just one thing but tackling it with many measures. I consider some more important than others. Above all, though, you have to start very early, and I think they've recognized that. Because if you start early, identify the threat, or ultimately prevent it from arising at all through successful asylum policy, you also save the costs of having to monitor people around the clock later on. On the topic of decrypting online communication: of course there's a risk of abuse here too, but I trust the state authorities to some extent, even though the way it's phrased makes it sound like this will take forever and that they're not even technically competent. Why wasn't this done before? Research and prevention are nice, but not that relevant. I also don't consider online weapons purchases to be all that fundamental or important. Much more important is stronger cooperation between the intelligence services. But that's promised after every terrorist act, and in the end everyone just looks out for themselves. I do understand the individual countries, who of course also want to keep information to themselves as a power base. I consider the point about deportations to be very important, and it's therefore placed a bit too far back at number 9."
Welche Meinung haben Sie zum 9-Punkte-Plan? (190)_137,Wie gesagt sollte auch geändert werden. Oder sollen die Soldaten in Notsituationen einfach zugucken und nichts machen dürfen??,"As I said, this should also be changed. Or are the soldiers supposed to just stand by and watch in emergency situations, not allowed to do anything??"
Welche Meinung haben Sie zum 9-Punkte-Plan? (190)_144,"Dieses Hin und Her, denke ich bringt nichts. Jegliche Einreise sollte endlich sofort gestoppt werden, man kann doch nicht das eigene Land in Gefahr bringen!! Da man doch das eigentliche Problem lösen sollte,was außerhalb Deutschland liegt. Und wenn man da mit der Terrorbekämpfung anfängt, tut man was dagegen und schützt sein eigenes Land so. Aktionen und Hilfe gegen den Terror sind zwar nötig, aber wenn er schon im eigenem Land ist, ist es meistens schon zu spät, wie man bedauerlicherweise immer wieder sehen muss, bsp. Berlin, Münchenetc. Ich verstehe nicht viel Politik und bin auch nicht interessiert dran. Aber ich finde auf extreme Aktionen müssen auch extreme Reaktionen folgen","I think this back and forth doesn't achieve anything. All entry should finally be stopped immediately - you can't put your own country at risk!! Because the actual problem that needs solving lies outside Germany. And if you start fighting terrorism there, you're actually doing something about it and protecting your own country that way. Actions and help against terrorism are necessary, sure, but once it's already in your own country, it's usually already too late, as we unfortunately keep having to see, e.g. Berlin, Munich, etc. I don't understand much about politics and I'm not really interested in it either. But I think extreme actions have to be met with extreme reactions"
Welche Meinung haben Sie zum 9-Punkte-Plan? (190)_146,"ohne Familiennachzug scheitert eine Integration, jeder möchte doch zusammen mit seiner Familie leben. Was will einer alleine hier. So etwas wollte man doch selbst auch nicht.","Without family reunification, integration fails - everyone wants to live together with their family. What's the point of someone being here alone? Nobody would want that for themselves either."
Welche Meinung haben Sie zum 9-Punkte-Plan? (190)_148,"kann ich so nicht sehen. Wenn Asyl, dann mit Familie. Alles andere hat doch keine Sinn. Asylrecht ist doch ein Grundrecht bei uns. Da stellt sich die Frage nach Nutzen oder Schaden doch gar nicht. Wenn, dann müsste man grundsetzlich das Asylrecht in Frage stellen.","I can't see it that way. If asylum, then with family. Anything else doesn't make sense. The right to asylum is a fundamental right here. So the question of benefit or harm doesn't even arise. If anything, you'd have to fundamentally question the right to asylum itself."
Welche Meinung haben Sie zum 9-Punkte-Plan? (190)_154,"Dieser Plan erinnert mehr an eine Bekämpfung der Symptome als an eine Bekämpfung der Ursachen. Das Problem des Terrorismus sollte besser an der Wurzel angefasst und im Keim erstickt werden als dass man nachher die Terroristen bekämpft, die sich schon radikalisiert haben.","This plan feels more like fighting the symptoms than fighting the causes. The problem of terrorism should be tackled at the root and nipped in the bud, rather than fighting terrorists after they've already become radicalized."
Welche Meinung haben Sie zum 9-Punkte-Plan? (190)_158,"Hallo Calculator wo ist Terror wo wird er bekämpft ich will sofort dahin ;-)) Hast du in der Zeitung gelesen wie viele von den Terroristen wieder nach Deutschland eingeladen wurden ist das nicht TOLL. Die bekommen das in Hundert Jahren nicht hin und dann stellt sich diese Frau ??? hin und sagt wir schaffen das wir haben schon sooo viel geschafft und da muss ich mich wieder fragen,wen meint diese Frau wohl damit denn sie kann es ja nicht gewesen sein denn sie hat sich wieder beim Erdogan ihre Schelde abgeholt ich lach mich kaputt wir schaffen das WAS.","Hi Calculator, where is terror, where is it being fought, I want to go there right away ;-)) Did you read in the paper how many of the terrorists were invited back to Germany, isn't that GREAT. They won't manage that in a hundred years, and then this woman ??? stands up there and says we can do this, we've already achieved sooo much, and I have to ask myself again, who does this woman even mean, because it can't have been her, since she went and got herself scolded by Erdogan again - I'm cracking up, 'we can do this' - do WHAT."
Welche Meinung haben Sie zum 9-Punkte-Plan? (190)_167,"Hallo holzwurmpaul! Bei Herrn Klöppel merkt man sofort die politische Einstellung! Er hat aber auch etwas sympathisches obwohl er bei manchen Berichten zu einer dramatisch langgezogenen Story neigt!Von der gestrigen ""Augsburger Puppenkiste"", habe ich heute auch schon einiges bei FB gelesen. Interessant fand ich bei einigen Kommentaren, das viele Zuschauer der Sendung, die sich vorher sicher waren, eine der beiden Parteien zu wählen nun umgeschwenkt sind in eine ganz andere Richtung! Doch ich befürchte trotzdem, Merkel wird wieder gewählt!","Hi holzwurmpaul! With Mr. Klöppel you immediately notice his political leanings! But he also has something likeable about him, even though he tends toward dramatically drawn-out stories in some reports! I've already read quite a bit on FB today about yesterday's ""Augsburger Puppenkiste"" [puppet show, i.e. a mocking term for the debate]. I found it interesting that, according to some comments, many viewers of the show who had previously been sure they'd vote for one of the two parties have now swung in a completely different direction! Still, I'm afraid Merkel will be re-elected!"
Welche Meinung haben Sie zum 9-Punkte-Plan? (190)_168,"Da muß ich dir leider Recht geben diese zwei Looser waren doch wie zwei Zwillinge und mit dem Klöppel gebe ich dir zu 100% auch Recht es fehlte nur,das er sich der Merkel auf den Schoss gesetzt hätte. Und vor allem was sehr gefehlt hat waren Sach Themen zur inneren Sicherheit oder wie viele Generationen es noch geben wird bis diese Asylanten sich selbst ernähren putzen und Eigenständigkeit Laufen können:rofl: Beantrage du mal eine Hilfe für deine Eltern wenn sie nicht mehr Laufen und mehr nicht mehr können ich wusste nicht das es so viele Ämter gibt wo du als Bittsteller vorsprechen musst und kommt dann so ein Alphabet der bekommt sofort eine Hilfe an die Seite gestellt und alles was er WILL bekommt er sofort :face_with_symbols_over_mouth: Schande:rage:","Unfortunately I have to agree with you, those two losers were like twins, and with Klöppel I agree with you 100% too - the only thing missing was him sitting in Merkel's lap. And above all, what was really missing were substantive topics on internal security, or how many generations it'll take until these asylum seekers can feed, clean, and take care of themselves independently :rofl: Just try applying for help for your parents when they can no longer walk and can't manage on their own anymore - I had no idea there were so many offices where you have to show up and plead your case, and then some random illiterate person comes along and immediately gets assistance put at their side, and gets everything they WANT right away :face_with_symbols_over_mouth: Shameful :rage:"
Welche Meinung haben Sie zum 9-Punkte-Plan? (190)_190,"Ich finde es leider auch echt schade, dass die Polizei nicht so viel machen darf und hoffe auf baldige Änderungen.","I unfortunately also find it really a shame that the police aren't allowed to do more, and I'm hoping for changes soon."
Was denken Sie: Wie lässt sich Terror stoppen? (77)_43,"Ein Plan mag ja gut und schön sein, aber es sollten auch Dinge umgesetzt werden. Bei vielen Dingen habe ich nur das Gefühl, das viel drüber gesprochen wird. Aber wird auch was umgesetzt? Ich meine, warum muss man erst Monate über Namen diskutieren, über Dinge die dann vielleicht a) nie so umgesetzt werden oder b) wenn sie Zustande kommen, irgendwie ganz anders. Siehe z.b. die Erst Aufnahme Stellen. Mein Gott, was wurde da damals über die verschieden Namen geredet, bevor es überhaupt eine gab. Warum muss es Gastarbeiter, Ausländer, Migrant oder was weiß ich heißen? Der Name ändert nichts, der Name macht es nicht besser und nur weil mich sich schöne Namen ausdenkt oder Pläne, heißt das nicht, das die Problematik dadurch aufhört. Waffenverkäufe sind doch echt sinnlos an andere Länder, Hunger, Krieg... das muss gestoppt werden","A plan may be all well and good, but things actually need to be implemented too. With a lot of things, I just get the feeling that a lot is being talked about. But is anything actually being implemented? I mean, why do you have to spend months discussing names for things that then maybe a) never get implemented that way, or b) if they do come about, turn out completely different anyway. Take the initial reception centers, for example. My God, the amount of talk back then about the different names before there even was one. Why does it have to be called guest worker, foreigner, migrant, or whatever? The name doesn't change anything, the name doesn't make it better, and just because someone comes up with nice names or plans doesn't mean the problem stops because of it. Weapons sales to other countries are really pointless, hunger, war... that needs to be stopped"
Was denken Sie: Wie lässt sich Terror stoppen? (77)_62,"Den Terror kann man nicht stoppen, dafür gibt es auf der Welt viel zu viel Qual und Leid und sowieso Ungerechtigkeit.","You can't stop terror - there's far too much anguish and suffering, and injustice in general, in the world for that."
Was denken Sie: Wie lässt sich Terror stoppen? (77)_66,"Einreiseverbot sofort!!! Wenn Terrorbekämpfung, dann da wo es sinnvoll ist und das ist ja wohl außerhalb von Deutschland. Denn wenn er schon im eigenem Land ist es meistens schon zu spät.","Entry ban immediately!!! If we're fighting terrorism, then do it where it makes sense, and that's surely outside of Germany. Because once it's already in your own country, it's usually already too late."
Was sind Ihre persönlichen Erfahrungen mit Terror? (53)_11,"Tatsächlich hatte ich noch keinen direkten Kontakt, aber bei Großveranstaltungen nimmt man die Gefahr mittelbar durch sehr konsequente Personenkontrollen war. Und an zentralen, belebten Orten kommt schon mal der Gedanke auf, ""was wäre wenn....."".","I haven't actually had any direct contact, but at large events you do become indirectly aware of the danger through very rigorous personal checks. And in central, busy places, the thought does sometimes cross your mind: ""what if....."""
Was sind Ihre persönlichen Erfahrungen mit Terror? (53)_28,"Unmittelbar würde ich noch nicht betroffen ,von Kontrollen an Flughäfen Mal abgesehen.Unterschwellig spürt man die Bedrohungslage schon.","I wouldn't say I've been directly affected yet, apart from checks at airports. But you can sense the threat level on a subtle level."
Was sind Ihre persönlichen Erfahrungen mit Terror? (53)_35,"Ich finde es erschreckend, wenn größere Veranstaltungen nur noch mit massiven Sperren gegen Fahrzeuganschläge und körperliche Durchsuchungen möglich sind. Da bleibe ich lieber Zuhause.",I find it disturbing that larger events are now only possible with massive barriers against vehicle attacks and physical searches. I'd rather just stay home.
Was sind Ihre persönlichen Erfahrungen mit Terror? (53)_40,Hatte bisher keine Probleme mit dem Terror und hoffe dass es auch in Zukunft so sein wird.,I haven't had any problems with terror so far and hope it will stay that way in the future.
Wie wurde der 9-Punkte-Plan in den Medien bewertet? (2)_2,das wir nicht helfen umsetzung ist sehr schwer machbar,that we won't help - implementation is very difficult to achieve
Wie bewerten Sie den 9-Punkte-Plan insgesamt? (77)_7,Halte ich für sinnlos.,I consider it pointless.
Wie bewerten Sie den 9-Punkte-Plan insgesamt? (77)_12,der neun Punkte Plan sollte unbedingt eingehalten werden,the nine-point plan should absolutely be adhered to
Wie bewerten Sie den 9-Punkte-Plan insgesamt? (77)_35,"Dem kann ich nur zustimmen, zu den Schwierigkeiten der finanziellen Mittel und der schnellen reibungslosen Zusammenarbeit zwischen den Staaten sehe ich noch das Problem, dass es keine zeitlichen Vorgaben für die Durchführung des Planes gibt.","I can only agree with that. In addition to the difficulties around financial resources and fast, smooth cooperation between states, I also see the problem that there are no time frames given for carrying out the plan."
Wie bewerten Sie den 9-Punkte-Plan insgesamt? (77)_48,dann wirst du ein langes Leben haben,then you'll have a long life
Wie bewerten Sie den 9-Punkte-Plan insgesamt? (77)_76,"Hallo zusammen. In meinen Augen ist dieser komplette Plan nutzlos . Er reagiert nur passive auf die aktuell stattfindenden Geschehnisse ohne auf die Wurzel der entstandenen Probleme einzugehen. Viele Punkte die hier aufgeführt sind stellen für den Bürger eine Schlechterstellung bei den Persönlichkeitsrechten dar. Außerdem finde ich es immer wieder bezeichnend das solche ""Programme"" immer vor einer Wahl gemacht werden. Was ist denn die letzten Jahre passiert ? Warum müssen dafür Programme gemacht werden. Die regierenden Parteien hatten mehr als genug Zeit die Ursachen abzustellen. Dafür braucht es keinen 9 Punkte Plan. Und was die Aussagen , gerade unserer Kanzlerin , wert sind kann man man aus ihrer Aussage zur ""nationalen Anstrengung bei der Abschiebung "" erkennen. Was ist daraus geworden ? Genau . Nichts. Ich gebe absolut nichts auf solche Programme weil es wie bei so vielen anderen Sachen an der Umsetzung hapern wird. Denn wie schon gesagt , nicht reden sondern machen ! Viele der Probleme hätten wir ohne die Entscheidung unserer Kanzlerin gar nicht.","Hello everyone. In my eyes, this entire plan is useless. It only reacts passively to current events without addressing the root of the problems that have arisen. Many of the points listed here represent a worsening of citizens' personal rights. I also find it telling, time and again, that such ""programs"" are always put together right before an election. What actually happened over the last few years? Why do programs need to be made for this now? The governing parties have had more than enough time to eliminate the causes. No 9-point plan is needed for that. And what statements from our chancellor in particular are worth can be seen from her statement about the ""national effort on deportations."" What came of that? Exactly. Nothing. I give absolutely no credit to such programs because, as with so many other things, implementation will fall short. Because, as already said, don't talk, act! Many of these problems wouldn't even exist without our chancellor's decision."
Wie bewerten Sie den 9-Punkte-Plan insgesamt? (77)_77,"Ist wieder nur eine Reaktion, aber die Ursachen werden nicht berücksichtigt.","It's just another reaction again, but the causes aren't being addressed."
Welche Schulnote würden Sie dem 9-Punkte-Plan geben? (35)_6,"Wenn alles so ausgeführt würde wie geschrieben, dann können wir schon einiges erreichen und einige Anschläge verhindern. Auch die Menschen miteinander sollten mehr aufeinander achtgeben und wachsamer sein.","If everything were carried out as written, we could already achieve quite a bit and prevent some attacks. People should also look out for one another more and be more vigilant."
Welche Punkte würden Sie ergänzen? (55)_3,"Der 9-Punkte-Plan ist ja ganz nett, aber er wird wahrscheinlich genau so enden wie der ganze Aktionismus nach den Anschlägen, im Nichts. Wir sollten langsam anfangen die Gesetze und die Möglichkeiten die schon da sind auch anzuwenden. Hätte man das vor dem Anschlag in Berlin gemacht hätte er nie stattgefunden.","The 9-point plan is nice enough, but it will probably end up exactly like all the frantic activity after the attacks - in nothing. We should slowly start actually applying the laws and options that already exist. If that had been done before the Berlin attack, it would never have happened."
Welche Punkte würden Sie ergänzen? (55)_4,"Wird nur funktionieren wenn der 9-Punkte-Plan auch genauso angewendet wird. Ergänzend würde ich sagen, dass strafällige gewordene Flüchtlinge mit sofortiger Wirkung abgeschoben werden und nicht erst nach Monaten egal Krankheit, etc vorliegt.","It will only work if the 9-point plan is actually applied exactly as written. In addition, I would say that refugees who have committed crimes should be deported with immediate effect, not only after months, regardless of illness, etc."
Welche Punkte würden Sie ergänzen? (55)_9,"Nicht immer nur reden und diskutieren, sondern einfach machen, umsetzen und ausprobieren, ggf. nachbessern. Es dauert einfach immer viel zu lange bzw. müssen leider Gottes immer erst ganz viele schlimme Dinge geschehen, bevor die Behörden mal entsprechende Gesetze oder Vorschriften auf den Weg bringen.","Not just always talking and discussing, but simply doing, implementing and trying it out, and adjusting afterward if necessary. It always just takes far too long, or, sadly, a whole lot of terrible things always have to happen first before the authorities finally get corresponding laws or regulations moving."
Welche Punkte würden Sie ergänzen? (55)_13,"Meiner Meinung nach gibt es nichts zu Ergänzen, aber die Punkte müssen schnellst möglich durchgesetz werde. und das ist in unserem Land ein grpßes Problem. Viel Reden, wenig Durchführung.","In my opinion there's nothing to add, but the points need to be implemented as quickly as possible. And that's a big problem in our country. Lots of talking, little follow-through."
Welche Punkte würden Sie ergänzen? (55)_16,Grundsätzlich halte ich es für sehr sinnvoll die gemachten Erfahrungen von Migration in unser Land zu nutzen und viel breiter zu diskutieren. Wirtschaftliche Interessen zu benennen und notwendige Partizipation zu diskutieren. Wenn Angst/Kontrolle vorherrscht sind die Kinder in den Brunnen gefallen....Leider ist die Sicht der Flüchtlingswelle aus 2015 so abgelegt. Sich aufzustellen gegen Terrorismus bedeutet eine sehr feinfühlige Balance zwischen empfundenen Schutz und der Lust auf ein freies und selbstbestimmtes Leben....,"Fundamentally, I think it's very sensible to make use of the experience gained from migration into our country and to discuss it much more broadly. To name economic interests and discuss the necessary participation. When fear/control dominates, the damage is already done.... Unfortunately, the view of the 2015 refugee wave has been filed away like that. Standing up against terrorism means striking a very delicate balance between a sense of protection and the desire for a free, self-determined life...."
Welche Meinung haben Sie zum 9-Punkte-Plan? (103)_7,"Das hört sich ja alles gut an, aber wie soll es umgesetzt werden? Und mir fehlt der Punkt: weniger Flüchtlinge ins Land lassen!","That all sounds good, but how is it supposed to be implemented? And I'm missing the point: let fewer refugees into the country!"
Welche Meinung haben Sie zum 9-Punkte-Plan? (103)_16,"Generell halte ich eine Terrorbekaempfung fuer sinnvoll. Nachdem die Polizeikraefte immer mehr abgebaut wurden, ist es dringend erforderlich die Engpaesse wieder aufzuruesten, zumal sehr viele Polizisten kurz vor dem Ruhestand stehen. Solange es Unternehmen in Deutschland gibt, welche auch in Krisengebiete Waffen exportieren halte ich dies fuer reine Augenwischerei der Kanzlerin um das Volk zu beruhigen, zumal alle Waffenexporte durch die Bundesregierung genehmigt sind. Gerade der Waffenexport liefert die Voraussetzung fuer die enorme Voelkerwanderung (Fluechtlinge aus Afganistan und Syrien).","In general, I consider fighting terrorism sensible. Since police forces have been cut back more and more, it's urgently necessary to build the bottlenecked areas back up again, especially since a great many officers are close to retirement. As long as there are companies in Germany that export weapons to crisis regions, I consider this pure window-dressing by the chancellor to reassure the public, especially since all weapons exports are approved by the federal government. It's precisely weapons exports that create the conditions for the enormous mass migration (refugees from Afghanistan and Syria)."
Welche Meinung haben Sie zum 9-Punkte-Plan? (103)_17,"Unser GG ist schon lange von der Regierung ausgehebelt worden, da auch hier das GG ganz nach belieben ausgelegt wird. Ich halte das Ganze fuer eine Farce um die Verdummung der Buerger weiter voran zu treiben.","Our Basic Law has long since been undermined by the government, since here too the Basic Law is interpreted however they please. I consider the whole thing a farce meant to further dumb down the citizens."
Welche Meinung haben Sie zum 9-Punkte-Plan? (103)_28,"Dieser 9 Punkte Plan kommt leider viel zu spät. Es hätte ihn schon viel früher geben sollen, um evtl. viele dieser Terroranschläge verhindern zu können.","Unfortunately, this 9-point plan comes far too late. It should have existed much earlier, to possibly have been able to prevent many of these terrorist attacks."
Welche Meinung haben Sie zum 9-Punkte-Plan? (103)_32,"Ich finde es gut, dass Frau Merkel und ihre Mitarbeiter sich intensiv zusammensetzen und einen Umfassenden Plan erstellen - allerdings sind manche der Punkte eher schwammig, schwer umsetzbar und schlicht ein ""Über das Ziel Hinausschießen"" - wenn es zum Beispiel darum geht, generell stärker online Kommunikation zu überwachen, ist das ein massiver Übergriff auf die Privatsphäre der Bürger - denn dann müsste das bedeuten, dass konkret ALLE Nutzer ""abgehorcht"" werden - anderenfalls ist es eine klare Marginalisierung und Diskriminierung bestimmter Ethnischer Gruppierungen und steht mehr für Rassismus denn für die gepredigte europäische/deutsche Offenheit, Toleranz, Vorurteilsfreiheit.","I think it's good that Mrs. Merkel and her staff are sitting down intensively together and putting together a comprehensive plan - however, some of the points are rather vague, hard to implement, and simply ""overshooting the target"" - if, for example, it's about generally monitoring online communication more strongly, that's a massive intrusion into citizens' privacy - because then it would specifically have to mean that ALL users are ""eavesdropped on"" - otherwise it's a clear marginalization and discrimination against certain ethnic groups, and stands more for racism than for the preached European/German openness, tolerance, and freedom from prejudice."
Welche Meinung haben Sie zum 9-Punkte-Plan? (103)_34,Ich finde Nr. 3 und 5 fraglich. Was will man da bitte Forschen?,I find points 3 and 5 questionable. What exactly is there to research there?
Welche Meinung haben Sie zum 9-Punkte-Plan? (103)_38,Die Bundeswehr im Inneren einsetzen ist keine Option. Das ist Aufgabe der Polizei,Deploying the Bundeswehr domestically is not an option. That's the job of the police
Welche Meinung haben Sie zum 9-Punkte-Plan? (103)_40,"Diese neun Punkte sind ein Schritt in die richtige Richtung. Das Wichtigste ist, dass Terroristen hier gar nicht erst hereinkommen bzw. Handlungsfreiheiten erhalten. Denn Waffen oder Mittel, Menschen umzubringen, wird man immer finden. Daher: 1. Es fehlen Zeitziele, zum Beispiel bei Punkt 6. Die Zeit drängt, es gab bereits hunderte Tote in Europa durch islamistischen Terrorismus. Das Einschalten von McKinsey bei Punkt 9 sieht mir auch nach Verzögerungstaktik aus. 2. Es fehlen Punkte: Aufnehmen würde ich u.a.: - Viele Terroristen wurden durch radikale Imame in Europa angeleitet, radikalisiert und gehirngewaschen. --> Daher sollte es ein Verbot der Finanzierung von religiösen Stätten aus dem Ausland und ein Verbot der Entsendung von radikalen Predigern aus dem dem Ausland geben. Saudi-Arabien z.B. exportiert seinen radikalen Islam in die ganze Welt durch islamistische Prediger und die nahezu unerschöpflichen Geldmittel aus den Ölgeschäften. - Viele Terroristen kamen durch irreguläre Migration nach Europa oder nutzten die Flüchtlingsrouten, um aus arabischen Terrorcamps wieder nach Europa zu gelangen (siehe Paris-Attentäter). --> Es braucht eine vollständige und lückenlose Grenzsicherung des Schengenraus inklusive Transitzonen, ist dies nicht binnen Jahresfrist möglich, auch nur für Deutschland. Ungarn hat etwa Transitzonen und praktisch keine Probleme mit Islamismus oder Terror. Die Transitzonen klären Identitäten, gleichen Personalien mit Fahndungsdatenbanken, entscheiden über mögliches Bleiberecht. Sind sind keine Haft, ein Verlassen ins vorherige Land ist immer möglich. - Fast alle Terroristen ließen sich durch Zahlungen ausländischer Terrororganisationen finanzieren oder wurden dadurch angeleitet. -> Bei allen neuen Zuwanderern sollten daher zwei bis drei Jahre lang sämtliche Geld- und Kommunikationswege ins Ausland durch automatische Systeme überwacht werden. Das kann man gerne mit Punkt 1, dem Frühwarnsystem, verbinden.","These nine points are a step in the right direction. The most important thing is that terrorists don't even get in here in the first place, or get freedom of action. Because weapons or means to kill people will always be found. Therefore: 1. Time targets are missing, for example on point 6. Time is pressing - there have already been hundreds of deaths in Europe due to Islamist terrorism. Bringing in McKinsey for point 9 also looks like a delay tactic to me. 2. Points are missing: Among others, I would include: - Many terrorists were guided, radicalized, and brainwashed by radical imams in Europe. --> There should therefore be a ban on financing religious sites from abroad and a ban on sending radical preachers from abroad. Saudi Arabia, for example, exports its radical Islam to the whole world through Islamist preachers and the almost inexhaustible funds from oil business. - Many terrorists came to Europe through irregular migration or used refugee routes to get back to Europe from Arab terror camps (see the Paris attackers). --> A complete, seamless securing of the Schengen area's borders is needed, including transit zones - if that's not possible within a year, then at least for Germany alone. Hungary, for instance, has transit zones and practically no problems with Islamism or terror. The transit zones clarify identities, cross-check personal data against wanted-persons databases, and decide on possible right to remain. They are not detention - leaving back to the previous country is always possible. - Almost all terrorists were financed by payments from foreign terrorist organizations, or were guided through them. -> For all new immigrants, all money and communication channels abroad should therefore be monitored by automatic systems for two to three years. This could well be combined with point 1, the early warning system."
Welche Meinung haben Sie zum 9-Punkte-Plan? (103)_50,"Warum nur Asylanten überprüfen? Überprüft auch mal die **Mentalität von Polizisten** - jener, die bei rechtsextremer Gewalt nicht einschreiten zum Beispiel. Außerdem habe ich im Juni der Berliner Polizei einen dort lebenden Mullah gemeldet, der im Namen Allahs in Ostfriesland Terroristen requiriert und angeboten, die Email-Korrespondenz weiterzuleiten - offenbar besteht kein Interesse daran, Beweismaterial zu sammeln. Die **Polizei** sollte man quantitativ mäßig aufstocken, dafür umso mehr **qualitativ!** Die bisherige Kleinstaaterei bei Sicherheitsfragen (auch Online-Betrug) ist lächerlich und skandalös. **Das Internetz sollte grundsätzlich von der Bundespolizei überprüft werden** und diese Zentrale sollte europa- und weltweit kooperieren incl. Waffenhandel - diesbzüglich sollte Druck auf die USA ausgeübt werden, den Waffenbesitz zu kontrollieren! Sorgt erstmal für Sicherheit und Überlebens-Chancen in den Herkunftsländern, bevor ihr an Abschiebung denkt! Ich würde alle anständigen Flüchtlinge sofort aufnehmen (auch Italien und Griechenland entlasten), diese aber nicht von Beamten verwalten lassen, sondern von Bürgern, die bereit sind, ihre Integration zu begleiten. Das Matching könnte man mit einer Fernseh-Aktion bewerkstelligen. Wie erkläre ich gerne. Kriminelle Asylbewerber gehören dort ausgesetzt, von wo sie sich nach Europa aufgemacht haben. Ich habe die **Bedürfnis-Struktur des Menschen** erforscht, daraus ein **pädagogisches Konzept** für die **Prävention** von **Suchtkrankheiten, Kriminalität** und **Extremismus** entwickelt, zur Ausarbeitung des Projekts das Bundesbildungsministerium um Förderung gebeten - kein Interesse, sich das auch nur mal anzuschauen! In den nächsten Tagen erscheint bei **neobooks** mein Buch ""Was für Ticker ist ein Politiker"", in dem ich den Zusammenhang zwischen **sozialer Erziehung** (die gröbstens vernachlässigt wird) und **politischen Verhältnissen** erkläre und unter anderem einen **Kriterienkatalog für Politiker** und ein **menschengerechtes Bildungs-System** vorstelle. Kann ich jedem politisch Interessierten nur empfehlen!","Why only screen asylum seekers? Screen the mentality of police officers too, for example - those who don't intervene in right-wing extremist violence. I also reported a mullah living in Berlin to the Berlin police back in June, who was recruiting terrorists in East Frisia in the name of Allah and offered to forward the email correspondence - apparently there's no interest in collecting evidence. The police should be increased moderately in number, but much more so in quality! The current patchwork of separate jurisdictions on security matters (including online fraud) is ridiculous and scandalous. The internet should fundamentally be monitored by the federal police, and this central authority should cooperate across Europe and worldwide, including on the weapons trade - in this regard, pressure should be put on the USA to control gun ownership! First ensure safety and survival prospects in the countries of origin, before you even think about deportation! I would take in all decent refugees immediately (also relieving Italy and Greece), but not have them managed by officials, rather by citizens willing to support their integration. The matching could be done via a TV campaign. I'm happy to explain how. Criminal asylum seekers should be dropped off wherever they set out from on their way to Europe. I have researched the structure of human needs, and from that developed a pedagogical concept for the prevention of addiction, crime, and extremism, and asked the Federal Ministry of Education for funding to develop the project - no interest in even taking a look at it! In the coming days my book ""What Kind of Ticker Is a Politician"" will be published by neobooks, in which I explain the connection between social upbringing (which is being grossly neglected) and political conditions, and present, among other things, a criteria catalog for politicians and a humane education system. I can only recommend it to anyone politically interested!"
Welche Meinung haben Sie zum 9-Punkte-Plan? (103)_61,"Ich finde den 9-Punkte -Plan sehr aufschlussreich. Aber so ganz neu ist er ja nicht. Inzwischen ist ja schon eine Zeit vergangen und ich sehe da einen großen Handlungsbedarf, wenn der Plan eingehalten werden soll!!!!","I find the 9-point plan very insightful. But it's not entirely new either. Meanwhile quite some time has already passed, and I see a great need for action if the plan is actually to be adhered to!!!!"
Welche Meinung haben Sie zum 9-Punkte-Plan? (103)_80,"Diese Punkte sind gut und richtig, nur viel zu spät beschlossen und noch lange nicht umgesetzt. Das Kompetenzgerangel über die Dienste -Geheimdienst, Nachrichtendienst, Polizei und Politik hat noch gar nicht begonnen. Einer will dem anderen ""Seine Erkenntnisse"" nicht zur Verfügung stellen usw. Dazu kommt die Bundestagswahl ! Bei größeren Veränderungen, eventuell neuen Kanzler, müssen die Ausschüsse neu gewählt und besetzt werden. Bis da positive Ergebnisse greifen, schreiben wir das Frühjahr 2018. Und die Gefährter lachen sich schlapp und bomben weiter.","These points are good and correct, just decided far too late and nowhere near implemented yet. The turf war between the agencies - intelligence service, security service, police, and politics - hasn't even started yet. One doesn't want to share ""their findings"" with the other, and so on. On top of that there's the federal election! In the event of bigger changes, possibly a new chancellor, the committees will have to be newly elected and staffed. By the time positive results kick in, it'll be spring 2018. And meanwhile the would-be attackers are laughing their heads off and keep on bombing."
Welche Meinung haben Sie zum 9-Punkte-Plan? (103)_81,"Ihre Studie und Ihre Fragestellung ""Meinung zum 9-Punkte-Plan"" scheint interessant zu werden... Es wird eine ""ehrliche und offene"" Meinungsumfrage werden, wenn wir ja in diesem Land schon keine Volksabstimmung haben dürfen. Wir leben zwar in einer Art Demokratie aber.; Sie sehen ja, die Worte ""Angst, Unterdrückung, Mangel an Meinungsfreiheit"" sind in den Kommentaren und Kommentaren zu den Kommentaren schon aufgetaucht. Das einzige, was wir hier wählen dürfen/sollen/können sind ein paar (immer mehr vom Volk abwandte) Politiker, die 1 Monat vor einer größeren Wahl ein paar halbformulierte Versprechen abgeben und dann hoffen, dass sie ihre, mit von den hohen Steuern abgezweigten Gehältern gut bezahlten Positionen auch weiterhin behalten können - damit sie weiterhin für leere Worte gut bezahlt werden. D hat das Flüchtlingsproblem und das damit einhergehende Terror-Problem schon sehr lange. Man kann doch nicht von Terror in D erst seit Weihnachten, Berlin sprechen... War Paris, Nizza, London, Brüssel, Madrid nicht auch in Europa? Ist D nicht ein Teil von Europa, wie das Merkel dauernd und unermüdlich wiederholt? Als sie ihre Kandidatur bekannt gab, war ihr erster Satz ""Ich bekenne mich zu Europa..."" - von D war in ihrer damaligen und auch in ihren späteren Reden nichts oder/und sicherlich nichts Relevantes zu hören. Jetzt kommt sie sehr entschlossen daher mit einem ""9-Punkte-Plan"" - jetzt? Das Kind ist doch längst in den Brunnen gefallen. Das ist ihr Beitrag zum ""heißen"" Wahlkampf - leere Versprechen, nichts als ""Schall und Rauch"" um uns weiterhin einzulullen. Jetzt können wir nur hoffen, dass unter denjenigen, die als ""arme, unglückliche, leidende Flüchtlinge"" hergekommen sind, nicht plötzlich, da sie nur noch an 7 anstatt an 8 Ämtern Sozialhilfe bekommen, einige ins Auto steigen und in die Menge rasen...Dass einem, dem es gestattet wurde ""nur"" 2 seiner 3 Nebenfrauen mit zehn seiner 12 Kinder nachzuholen, nicht die Idee kommt, mit dem Messer auf Polizisten loszugehen... Und wenn er am Leben bliebe (die armen Polizisten müssen ja jeden Schuss rechtfertigen), könnte er ja auch mit Bewährung und Haftminderung und Freigang und weiter Sozialhilfe für seine Großfamilie(n) davonkommen und eigentlich Zeit für neue Ideen haben... Das ist ein ""großes"" Thema und mit der aktuellen Politik (leider trifft das aber auch auf ganz Westeuropa zu) kann und wird sich nichts mehr ändern. Die Menschen treffen sich zum Kerzenhalten, zu ""Wir lassen uns nicht unterkríegen""-Demos (Barcelona) und sonst NIX. Die Anzahl der Toten steigt, man erwischt noch den einen oder anderen Terroristen, es kommen wieder Schlagzeilen und zwei Wochen später passiert's wieder 300 km weiter. Man kann keine Morde oder Amokläufe oder Geisterfahrten verhindern aber diese Akte des Terrorismus haben die europäische Politik, die Politiker, Merkel in D zu verantworten. Dieser ""9-Punkte-Plan"" ist das Schnaufen eines zahnlosen Tigers...","Your study and your question ""Opinion on the 9-point plan"" seems to be getting interesting... It's going to be an ""honest and open"" opinion survey, given that we're not even allowed to have a referendum in this country. We do live in a kind of democracy, but...; as you can see, the words ""fear, oppression, lack of freedom of speech"" have already shown up in the comments and comments on comments. The only thing we're allowed/supposed/able to vote for here are a handful of politicians (increasingly out of touch with the people) who, one month before a major election, make a few half-formulated promises and then hope they can keep holding on to their well-paid positions, funded by high taxes - so they can keep getting paid well for empty words. Germany has had the refugee problem, and the terror problem that comes with it, for a very long time already. You can't claim that terror in Germany only started with Christmas, with Berlin... Weren't Paris, Nice, London, Brussels, Madrid also in Europe? Isn't Germany part of Europe, as Merkel keeps tirelessly repeating? When she announced her candidacy, her first sentence was ""I am committed to Europe..."" - there was nothing, or certainly nothing relevant, to be heard about Germany in her speeches then or later. Now she comes along very resolutely with a ""9-point plan"" - now? The damage is long since done. That's her contribution to the ""hot"" election campaign - empty promises, nothing but ""smoke and mirrors"" to keep lulling us. Now we can only hope that among those who came here as ""poor, unfortunate, suffering refugees,"" some don't suddenly get in a car and plow into a crowd just because they only get welfare support from 7 offices instead of 8... That someone who was ""only"" allowed to bring over 2 of his 3 secondary wives along with ten of his 12 children doesn't get the idea to go after police officers with a knife... And if he survived (the poor police officers do have to justify every single shot), he could get off with probation and a reduced sentence and day release and continued welfare for his extended family (families) and actually have time for new ideas... That's a ""big"" topic, and with current politics (unfortunately this also applies to all of Western Europe) nothing can or will change. People gather to hold candles, for ""We won't be beaten down"" demonstrations (Barcelona), and NOTHING else. The death toll rises, one terrorist or another gets caught, headlines appear again, and two weeks later it happens again 300 km further on. You can't prevent murders or rampages or wrong-way drivers, but these acts of terrorism are the responsibility of European politics, of the politicians, of Merkel in Germany. This ""9-point plan"" is the wheezing of a toothless tiger..."
Welche Meinung haben Sie zum 9-Punkte-Plan? (103)_89,"Dieser Plan ist Ueberfaellig. Es muss mehr gegen die Islamisierung getan werden und auf qualifizierte Einwanderung gebaut werden. Es kommen zu viele 'fake Asylanten' ins Land und alle werden im sozialen Netz haengen. Keiner hat eingezahlt. Es muss eine ""Pashback"" Aktion gestartet werden, wo die Boote schon vor der Landung zureuckgeschoben werden um die Schenasylanten zu demitivieren und die Terroristen zurueckzuhalten! Dieser Plan sieht Stark aus, tut aber nichts Effektives!","This plan is overdue. More needs to be done against Islamization, and there needs to be a focus on building qualified immigration. Too many 'fake asylum seekers' are coming into the country, and they'll all end up hanging in the social safety net. Nobody has paid in. A ""pushback"" operation needs to be started, where boats are pushed back before they even land, in order to discourage the fake asylum seekers and hold back the terrorists! This plan looks strong but doesn't do anything effective!"
Welche Meinung haben Sie zum 9-Punkte-Plan? (103)_90,"Kein Konzept. Warum? Niemals werden auch nur mit einem Komma die Ursachen geklärt. Winnenden G20 Islam Gewalt RAF Ehefrau ermordet. Die Regierung ist wohl zu ""nichtfleissig"" sich mit den Ursachen von Gewalt zu beschäftigen. So soll einfach nur erstickt werden. Das macht halt mehr Gewalt. Ach hurra dann brauchen wir mehr Polizei und mehr Sozialarbeiter. Bringt Umsatz. Und Sarkasmus.","No real concept. Why? The causes are never addressed, not even with a single comma. Winnenden, G20, Islam, violence, RAF, wife murdered. The government is apparently too ""lazy"" to deal with the causes of violence. So it's all just supposed to be suppressed. That just produces more violence. Oh great, then we need more police and more social workers. Generates revenue. And sarcasm."
Welche Meinung haben Sie zum 9-Punkte-Plan? (103)_95,"Die 9 Punkte können nur mit Erfolg gezeichnet werden, wenn Individuen mit Immigrations Hintergrund in den ganzen Prozeduren eng eingebunden werden.",The 9 points can only be marked as successful if individuals with an immigration background are closely involved throughout the whole process.
Welche Meinung haben Sie zum 9-Punkte-Plan? (103)_101,"Es stehen wieder Wahlen vor der Tür irgentetwas muss ja gesagt werden ,aber gemacht wird sowieso nix. Vielleicht hätte Frau Merkel vorher mehr über alles nachdenken sollen.","There's another election just around the corner - something has to be said, but nothing will actually get done anyway. Maybe Mrs. Merkel should have thought things through more beforehand."
Was denken Sie: Wie lässt sich Terror stoppen? (69)_8,Ganz wird der Terror sich wohl nie stoppen lassen. Aber erste Schritte wären schonmal die USA weniger zu unterstützen bei ihrem weltweitem Feldzug. Außerdem warum lässt man es zu das sogenannte Hassprediger in unserem Land viele Muslime vergiften mit ihrem Hass? Was in manchen Moschen oder im Islamunterricht in deutschen Schulen erzählt wird da sträuben sich einem die Nackenhaare. Der Antismeitismus in unserem Land nimmt stark zu und wenn man sich mit manchen Jugendlichen unterhält wird der Terror gegen Israel und die USA mit Wohlwollen gesehen! Und das von Kindern und Jugendlichen die in unserem Land leben und hier radikalisiert werden Stück für Stück. Wir brauchen außerdem die Kontrolle der Grenzen und die Einhaltung des Asylrechts.,"Terror probably can never be stopped entirely. But a first step would be to support the USA less in their worldwide campaign. Also, why is it allowed that so-called hate preachers in our country poison many Muslims with their hatred? What's said in some mosques or in Islamic religious instruction in German schools makes your hair stand on end. Antisemitism in our country is rising sharply, and if you talk to some young people, terror against Israel and the USA is viewed with approval! And that's coming from children and young people who live in our country and are being radicalized here bit by bit. We also need control of the borders and enforcement of asylum law."
Was denken Sie: Wie lässt sich Terror stoppen? (69)_9,"Zunächst einmal muss man sich verdeutlichen aus welcher Perspeltive man von Terror spricht. Begibt man sich in den Blickwinkel der anderen Seite nehmen diese sich vielleicht als Widerstandskämpfer wahr. Auch wir sind heute stolz auf irgendwelche Widerstandskämpfer unserer Geschichte. Auf dieser Basis sollte man sich überlegen wie man kommuniziert bzw. ob man verteufeln sollte. Es existieren zudem viele Arten von Terror, welche durchaus unterschiedliche Motivationen zugrunde liegen haben. Plakativ ist heute in der westlichen Welt der islamistich geprägte Terror. Als ""Schutzmächte"" haben sich in der Vergangenheit westliche Koalitionen verstärkt in regionale/territoriale Konflikte eingemischt ohne die dahinter liegende Problematik vollumfänglich zu verstehen. Sicherlich wurden despotische Herrscher gestürzt, man muss sich aber auch fragen, warum diese nur mit dieser Form ihrer Regentschaft die Macht und somit die Kontrolle im Staat bewahren konnten. Vielmals wurden regionale ehtnische religiöse und machtpolitische Konflikte mit harter Hand unterdrückt bzw. schon im Keim erstickt. Die ""Befreiung"" dieser Staaten führte zum erneuten Ausbruch all dieser Konflikte (Vergleich Auflösung Yugoslaviens). Jahrzehnte bzw. Jahrhunderte alte Wunden und Hass brachen erneut aus. Berücksichtigt man nun die Kulturen handelt es sich eben nicht immer um Gruppen die gerne etwas verhandeln bzw. wirtschaftliche Interessen über ihre Werte stellen. Wenn wir das endlich mal verstanden haben können wir damit beginnen zu kommunizieren! Durch Anbieten von Bildung bewegen wir Menschen das eigene Handeln zu hinterfragen. Gleichzeitig kann eine Diskussion über Kultur und Gebräuche angeregt werden, vielleicht auch Geschichte und Folgen aus früherem Handeln mit Andersdenkenden kontruktiv erläutert werden. Am Ende eines solchen Prozesses reduziert sich Terror nur noch auf Gruppen die grundsätzlich dagegen sind. Im Beispiel Religion fanatische Islamisten, die alle anderen Religionen auslöschen wollen. Auch hier gehört analysiert, wer fördert diese Menschen, keine Religion fordert die Ausrottung einer anderen. Ergo gilt es die manipulativen Kanäle trocken zu legen. Unterm Strich wird auch hier wieder ein Regime stehen, welches durch Terror in der Welt das eigene System am Leben erhält. Grundsätzlich ist kein Mensch ein geborener Terrorist sondern wenn man so will ein ""geformter Soldat"". Jeder will ein zufriedenes erfülltes Leben. Hinterfragen wir also jeden Attentäter bzgl. Motivation und Historie, irgendwas muss Menschen soweit bringen abscheuliche Taten zu verüben. Es widerspricht der menschlichen Natur aus Vergnügen 100 Menschen mit in den Tod zu reissen, ist es etwa wie bei einem Amokläufer ... Provokation bis der ""Kragen platzt""? Auch hier eine Kritik an der aktuellen Flüchtlingspolitik, wie kann es sein das ein Flüchtling den anderen Flüchtling trifft, aus der einen Sicht ist der andere der Folterknecht, welche ihn monatelang misshandelt hat, aus der des anderen steht er vor dem entkommenen Sträfling, welcher einigen Familien die Lebensgrundlage durch gewalttätige Aktionen (evtl. aufgrund von Stammeszugehörigkeit) genommen hat. Allen und jedem helfen zu wollen kann sich schnell ins Gegenteil wenden. Würde es irgendwen wundern wenn beide Vorgenannten durch listige Dritte nun leicht zu radikalisieren wären?","First of all, you have to clarify from what perspective you're talking about terror. If you put yourself in the other side's point of view, they may perceive themselves as resistance fighters. We too, today, are proud of various resistance fighters from our own history. On this basis, one should think about how to communicate, or whether one should demonize. There are also many kinds of terror, which are based on quite different motivations. What's conspicuous today in the Western world is Islamist-driven terror. In the past, Western coalitions, acting as ""protective powers,"" increasingly interfered in regional/territorial conflicts without fully understanding the underlying problems. Certainly despotic rulers were toppled, but one must also ask why only this form of rule allowed them to preserve power and thus control of the state. Regional ethnic, religious, and power-political conflicts were often suppressed with a hard hand, or nipped in the bud. The ""liberation"" of these states led to the renewed outbreak of all these conflicts (compare the breakup of Yugoslavia). Decades- or centuries-old wounds and hatred broke out again. If you take the cultures into account, these aren't always groups that are happy to negotiate something, or that place economic interests above their values. Once we've finally understood that, we can begin to communicate! By offering education, we move people to question their own actions. At the same time, a discussion about culture and customs can be stimulated, and perhaps history and the consequences of past dealings with those who think differently can be constructively explained. At the end of such a process, terror is reduced down to only those groups that are fundamentally against it. In the example of religion: fanatical Islamists who want to wipe out all other religions. Here too it needs to be analyzed who is promoting these people - no religion calls for the eradication of another. So the manipulative channels need to be drained. At bottom, here too there will again be a regime that keeps its own system alive through terror in the world. Fundamentally, no human being is a born terrorist, but rather, if you will, a ""molded soldier."" Everyone wants a satisfied, fulfilled life. So let's question every attacker regarding motivation and history - something must drive people that far to commit such abhorrent acts. It contradicts human nature to drag 100 people to their deaths for pleasure - is it perhaps like a rampage shooter... provocation until the ""lid blows""? Here too, a criticism of current refugee policy: how can it be that one refugee meets another refugee, and from one perspective the other is the torturer who mistreated him for months, while from the other's perspective he's facing the escaped convict who took away the livelihood of several families through violent actions (possibly due to tribal affiliation). Wanting to help everyone and anyone can quickly turn into the opposite. Would it surprise anyone if both of the aforementioned could now easily be radicalized by cunning third parties?"
Was denken Sie: Wie lässt sich Terror stoppen? (69)_13,"wenn man die Kontrollen mal erst nimmt. Ja zu wenig Polizei, aber selber Schuld, lieber das Geld für unütze Dinge ausgeben.","if you actually take the checks seriously. Yes, too few police, but that's on us - we'd rather spend the money on useless things."
Was denken Sie: Wie lässt sich Terror stoppen? (69)_19,Ersteinmal müßte Weltweit jeder Krieg beendet werden und alle Religionen verboten werden um keinen neuen Hass zu erzeugen. Nur ausreichende Bildung schützt vor hasserfüllter Beeinflussung. Wenn die Flüchtlinge sich nicht in den geflüchteten Staaten an deren Lebensweise anpassen wollen haben Sie in diesen nicht verloren!,"First of all, every war worldwide would have to be ended and all religions banned so as not to create new hatred. Only adequate education protects against hate-filled influence. If refugees don't want to adapt to the way of life in the countries they've fled to, they have no business being there!"
Was denken Sie: Wie lässt sich Terror stoppen? (69)_21,"Klare Kontrolle der zuwanderung, überwachung von risikogruppen und endlich öffendliches eingeständnis das es sehr wohl innerhalb gewisser gruppen eine affinität zur gewalt gibt","Clear control of immigration, surveillance of at-risk groups, and finally a public admission that there really is an affinity for violence within certain groups"
Was denken Sie: Wie lässt sich Terror stoppen? (69)_32,"Was veranlasst Menschen, sich selbst und damit andere zu töten? Das kann nur extremer Hass sein, denke ich. Wie entsteht der aber? Bei mir würde er entstehen, wenn man mir meine liebsten Menschen nimmt, durch Krieg, Bomben und Ähnlichem oder durch Folter und krasse Ungerechtigkeit bei den grundlegenden Bedürfnissen.","What makes people kill themselves and thereby others? I think that can only be extreme hatred. But how does that arise? For me, it would arise if someone took away the people I love most, through war, bombs and the like, or through torture and blatant injustice regarding basic needs."
Was denken Sie: Wie lässt sich Terror stoppen? (69)_37,Wahrscheinlich überhaupt nicht. Dadurch dass die Kontrollen weggefallen sind wird es schwierig werden Gefährder gleich zu erkennen!,"Probably not at all. Because the checks have been dropped, it'll be difficult to immediately identify potential threats!"
Was denken Sie: Wie lässt sich Terror stoppen? (69)_41,"Ich kann mir nicht vorstellen, dass sich der Terror jemals stoppen lässt. An vielen Taten zB in London kann man sehen, dass es nicht zwangsläufig Flüchtlinge sind, die Terroranschläge ausüben. Viele Menschen, die in unserer westlichen Welt aufgewachsen sind, radikalisieren sich. Um dem entgegenzuwirken, müsste man die Bevölkerung viel mehr überwachen, was meiner Meinung nach aber auch nicht der richtige Weg sein kann.","I can't imagine that terror can ever be stopped. Many attacks, for example in London, show that it's not necessarily refugees who carry out terrorist attacks. Many people who grew up in our western world become radicalized. To counteract that, you'd have to monitor the population much more, which in my opinion can't be the right way either."
Was denken Sie: Wie lässt sich Terror stoppen? (69)_45,"Den Terror können wir nur Einhalt gebieten, in dem an den Grenzen radikal kontrolliert wird. Und Jeder - wirklich Jeder - der ohne Ausweisspapiere ankommt zurück weisen. Es hat sich doch fix rumgesprochen, ohne Ausweise erfolgt keine Ausweisung. 90% aller Emigranten besitzen doch keine Papiere mehr beim Übertritt der Deutschen Außengrenze. Damit würde sich die Abschiebepraxis total vereinfachen und Personal freisetzen.",We can only put a stop to terror by radically controlling the borders. And turning back everyone - really everyone - who arrives without ID papers. Word has quickly gotten around that without ID there's no deportation. 90% of all emigrants no longer have any papers by the time they cross Germany's external border. That would totally simplify deportation practice and free up staff.
Was denken Sie: Wie lässt sich Terror stoppen? (69)_46,niemand ist Weltpolizei aber einige Länder benehmen sich so ich denke es nicht unsee Aufgabe in der Welt mit Gewalt einzuwirken und leider ist es wohl -viel- zu spät,"nobody is the world police, but some countries act like it - I don't think it's our job to intervene in the world with violence, and unfortunately it's probably -far- too late"
Was denken Sie: Wie lässt sich Terror stoppen? (69)_56,"Der Terror lässt sich nicht wirklich stoppen.Die Vergangenheit hat gezeigt das es nicht wirklich klappt.Diktatoren geben sich die Klinke in die Hand.Und wenn sie dann doch mal gestürtzt werden dann nehmen radikale Kräfte den Platz ein. Bestes Beispiel damals Saddam Hussein.Hätte man den damals an der Macht gelassen wäre der IS vielleicht gar nicht so hoch gekommen. Unter Saddam ging es den Menschen bestimmt nicht schlechter als jetzt. Kriege haben jedenfalls selten zu Frieden geführt.Es sind doch im Prinzip immer die selben Gegenden in denen Krieg herscht.Vielleicht sollte man aufhören sich überall kriegerisch zu beteiligen,was vorallem auf die USA und Russland zutrifft. Manchmal hat man das Gefühl die bekämpfen sich gegenseitig und die Länder in dem sie das tun müssen leiden.","Terror can't really be stopped. The past has shown that it doesn't really work. Dictators come and go in quick succession. And whenever one is actually toppled, radical forces take their place. The best example back then was Saddam Hussein. If he'd been left in power back then, ISIS might never have risen so high. Under Saddam, people certainly weren't worse off than they are now. In any case, wars have rarely led to peace. It's basically always the same regions where war rages. Maybe countries should stop getting involved militarily everywhere, which applies above all to the USA and Russia. Sometimes you get the feeling they're fighting each other, and the countries where they do it have to suffer."
Was denken Sie: Wie lässt sich Terror stoppen? (69)_57,und wo genau ist die Wurzel??,and where exactly is the root??
Was denken Sie: Wie lässt sich Terror stoppen? (69)_65,"Terror wird es immer geben, aber nicht in diesem Maße. Gefärder gehören besser überwacht, Grenzen besser kontrolliert, und die Einreisungen eingeschränkt. Aber auch dann wird es leider immer Terror geben, weil es einfach kranke Menschen auf dieser Welt gibt.","There will always be terror, but not on this scale. Potential threats should be monitored better, borders should be controlled better, and entries restricted. But even then, there will unfortunately always be terror, because there are simply sick people in this world."
Was denken Sie: Wie lässt sich Terror stoppen? (69)_68,"Gefährdet zu überwachen dürfte schwierig sein.Ich bin der Meinung, daß alle Verdächtigen sofort unser Land verlassen müssten.Aber das ist vielleicht nicht immer möglich.Aber die Gefahr bleibt immer bestehen,wir wissen nie genau,wie Gefährder ticken und wann und wie sie aktiv werden.","Monitoring potential threats is probably difficult. I'm of the opinion that all suspects should have to leave our country immediately. But that may not always be possible. But the danger always remains - we never know exactly how potential attackers tick, or when and how they'll become active."
Was sind Ihre persönlichen Erfahrungen mit Terror? (45)_28,"Ich habe zum Glück noch keine persönlichen Erfahrungen mit Terror gemacht. Aber ich habe Verwandte in Berlin, und als das Attentat auf dem Weihnachtsmarkt im Dezember 2016 passierte, war ich sehr besorgt und vollkommen verängstigt. Man steht so fassungslos demgegenüber und kann nichts machen. Zum Glück waren meine Verwandten nicht betroffen, aber die Angst saß tief. Ich habe jetzt immer Bedenken,wo sich große Menschenmengen aufhalten und versuche, sie zu vermeiden. Aber das ist auch nicht immer möglich. Großveranstaltungen machen mir Angst.","Fortunately, I haven't had any personal experiences with terror yet. But I have relatives in Berlin, and when the attack on the Christmas market happened in December 2016, I was very worried and completely terrified. You stand there so stunned and helpless, unable to do anything. Fortunately my relatives weren't affected, but the fear ran deep. Now I always feel apprehensive wherever large crowds gather and try to avoid them. But that's not always possible either. Large events scare me."
Was sind Ihre persönlichen Erfahrungen mit Terror? (45)_30,"Ich war am Tag des Anschlags im Münchner Olympiazentrum auf der Arbeit . In München herrschte der Ausnahmezustand . Ich konnte mit den öffentlichen Verkehrsmitteln nicht nach Hause fahren und musste im Hotel schlafen . Mein Lebensgefährte hat genau an dem Ort wo der Anschlag passiert ist in einem Schmuckgeschäft gearbeitet . Gott sei dank , will man da schon sagen hatte er genau an dem Tag frei .","I was at work in the Munich Olympic Center on the day of the attack. A state of emergency prevailed in Munich. I couldn't get home by public transport and had to sleep in a hotel. My partner worked in a jewelry store right at the location where the attack happened. Thank God, you might say, he happened to have that exact day off."
Wie bewerten Sie den 9-Punkte-Plan insgesamt? (54)_10,"Ein Plan, soweit so gut, aber mit der Umsetzung hapert es. Dazum kommt noch die befindlichkeiten der anderen EU-Staaten!!","A plan, fine as far as it goes, but implementation is lacking. On top of that there are the sensitivities of the other EU states!!"
Wie bewerten Sie den 9-Punkte-Plan insgesamt? (54)_15,"Als ""beruhigend"" oder ""angenehm"" kann ich den Plan erst beurteilen, wenn seine Umsetzung realistisch ist und mit Zeitplänen versehen wird, außerdem ergänzt wird (siehe Vorschläge).","I can only judge the plan as ""reassuring"" or ""pleasant"" once its implementation is realistic, provided with timelines, and also expanded on (see suggestions)."
Wie bewerten Sie den 9-Punkte-Plan insgesamt? (54)_19,Wahrscheinlich denkt er die AfD wird es richten ..... oder welche Regierung sollte da was besser machen?????,He probably thinks the AfD will sort it out..... or which government is supposed to do it better?????
Wie bewerten Sie den 9-Punkte-Plan insgesamt? (54)_42,"Ich stimme ebenfalls zu, das die Umsetzung lange dauert ist klar, aber wie soll die Ausführung gehen darüber wird nicht gesprochen oder.....","I also agree, it's clear that implementation will take a long time, but how the execution is actually supposed to work isn't being discussed, or is it....."
Wie bewerten Sie den 9-Punkte-Plan insgesamt? (54)_52,"Ich denke der Gedanke dahinter ist super! Jetzt muss aber auch danach gehandelt werden, sonst macht die Politik sich unglaubwürdig. Nicht nur Phrasen dreschen, sondern handeln!","I think the idea behind it is great! But now action has to actually follow, otherwise politics makes itself unbelievable. Don't just spout phrases, act!"
Welche Schulnote würden Sie dem 9-Punkte-Plan geben? (22)_9,"Note: ausreichend. Ideen gut, aber nicht ausreichend durchdacht und ausgearbeitet, sondern einfach aus der Schublade gezogen ""was hatten wir mal für Ideen, aber konnten se noch nicht ausreichend bewerten? Ach, einfach raus holen und umsetzen, nicht lange zögern.""","Grade: satisfactory. Good ideas, but not sufficiently thought through and worked out - just pulled out of a drawer: ""what ideas did we have that we couldn't evaluate sufficiently yet? Oh well, just pull them out and implement them, no need to hesitate long."""
Welche Schulnote würden Sie dem 9-Punkte-Plan geben? (22)_18,"Terroristen dürfen nicht abgeschoben werden, denn in dem Abgeschobenen Land könnten sie auch Menschen töten. Die Leute haben jeden Respeckt vor dem Leben verloren und müßen unschädlich gemacht werden!","Terrorists must not be deported, because in the country they're deported to, they could kill people there too. These people have lost all respect for life and need to be rendered harmless!"
Welche Punkte würden Sie ergänzen? (58)_3,Keine unüberlegten Handlungen.,No rash actions.
Welche Punkte würden Sie ergänzen? (58)_19,nennt man meinsungfreiheit. Du denkst was du denkst und ich was ich denke. Warum du mir das schreibst ist mir allerdings völlig schleierhaft,"that's called freedom of opinion. You think what you think and I think what I think. Why you're writing this to me, though, is a complete mystery to me"
Welche Punkte würden Sie ergänzen? (58)_24,"**Die Regierung sollte mehr für die Früherkennung und Integration tun. Überwachung schürrt nur mehr Misstrauen und schränkt die Freiheitsrechte der Bürger ziemlich ein.** Mit Abschiebung ist das Problem ebenfalls nicht gelöst, sondern wird nur etwas rausgezögert. Panik und Angst ist zudem ein sehr schlechter Berater.","The government should do more for early detection and integration. Surveillance only stokes more distrust and considerably restricts citizens' civil liberties. Deportation doesn't solve the problem either, it just delays it a bit. Panic and fear are also very poor advisors."
Welche Punkte würden Sie ergänzen? (58)_32,"Wenn es nicht viele Deutsche hören möchten, Keine unüberlegten Handlungen. Die Gefahr von Terroranschlägen ist zu groß und das ist erst der Anfang in der Politik haben diese renke spiele aufzuhören es darf nur den einen Grundsatz geben nur die Wahrheit wenn einer der Politiker lügt oder sich bestächen lässt wie in Niedersachsen dann ist Schluss mit ihm. Das heißt im Umkehrschluss alle Politiker die im alte von 59 Jahren sind haben sofort ihre Ämter niederzulegen damit integre Leute an die Führung kommen damit das Land aus der Katastrophe heile und ohne großen Schaden herauskommt .Die alte Grade muss aus jeder Partei verschwinden sie sind korrupt ,zynisch und haben schon so lange ihre Ränkespiele gespielt die können nicht anders Ehrlichkeit kann man von denen nicht erwarten den Anfang macht Merkel. Und dann gehts weiter den Es muß auf jeden Fall was passieren und es muss durchgegriffen werden sonst sieht es irgendwann böse für uns aus wer hier andere gefährdet darf nicht erwünscht sein, Straftäter gehören sofort abgeschoben. Schnellere Bearbeitung der Anträge, Grenzkontrollen, Auffanglager in Nordafrika und Mehr Einflussnahme auf die afrikanischen Regierungen. Bessere Kontrollen schon am Grenzübergang, Flüchtlinge mit krimineller Vergangenheit erst gar nicht einreisen lassen. Schon bei Verdacht auf Angehörigkeit einer terroristischen Vereinigung sofort abschieben. Jedes Durchgangsland muss die Papiere genau kontrollieren und bei Unstimmigkeiten oder schon bei Unklarheiten die Weiterreise verweigern. Deutschland sollte sofort mehr Truppen in die Terrorgebiete schicken die dort hart durchgreifen Außerdem sollte das Darknet engmaschiger überwacht werden. Die Grenzen zu sicheren, wären ein weiterer Punkt, um eine Terrorgefahr zu verringern. Nur weil wir es aus der EU so kennen, mit freien Grenzen, darf das kein Argument gegen ein sicheres Deutschland sein. Die Zeiten haben sich nun mal geändert, wir müssen uns immer wieder neu Anpassen. Immer wieder prüfen, was gut und richtig ist, was hilft, was hilft nicht die Sicherheit zu verbessert. Mehr Kontrollen der Menschen die in unser Land kommen und derer Flüchtlinge die schon hier sind. Auf jeden Fall den Teil der gefährlichen sofort aus unserem Land bringen. Eitelkeiten, Lügen, Animositäten etc. haben in der Politik nichts zu suchen Transparenz und klare Ansagen, schnelles Umsetzen, kein Hadern. Mit der Einwanderung sind wahrscheinlich viele Attentäter in unser Land gekommen, die nur darauf warten zuschlagen zu können. Rechtsradikalen keine Chance geben, konsequente Strafverfolgung. Der Bürger muß wieder Vertrauen bekommen.","Even if a lot of Germans don't want to hear it: no rash actions. The danger of terrorist attacks is too great, and this is only the beginning - in politics these scheming games have to stop, there can only be one principle: only the truth. If one of the politicians lies or lets themselves be bribed, like in Lower Saxony, then that's it for them. Conversely, that means all politicians who are 59 years old should immediately resign from their offices, so that people of integrity can take over leadership, so the country can heal from this catastrophe and come out of it without major damage. The old guard has to disappear from every party - they're corrupt, cynical, and have played their scheming games for so long they can't do otherwise. You can't expect honesty from them - Merkel should be the first to go. And then it continues: something absolutely has to happen and there has to be a real crackdown, otherwise things will look bad for us at some point - anyone who endangers others here shouldn't be welcome, criminals need to be deported immediately. Faster processing of applications, border controls, reception camps in North Africa, and more influence on African governments. Better checks already at the border crossing, don't even let refugees with a criminal past enter in the first place. Deport immediately at the mere suspicion of membership in a terrorist organization. Every transit country must carefully check papers and refuse onward travel in case of discrepancies or even ambiguities. Germany should immediately send more troops to the terror regions to crack down hard there. The darknet should also be monitored more tightly. Securing the borders would be another point to reduce the terror threat. Just because we're used to open borders from the EU, that mustn't be an argument against a safe Germany. Times have simply changed, and we constantly have to adapt anew. Keep checking again and again what's good and right, what helps, what doesn't help improve security. More checks on people coming into our country and on refugees already here. In any case, immediately remove the dangerous ones from our country. Vanities, lies, animosities, etc. have no place in politics - transparency and clear statements, fast implementation, no dithering. Immigration has probably brought many attackers into our country who are just waiting for their chance to strike. Give right-wing extremists no chance, consistent prosecution. Citizens need to regain trust."
Welche Punkte würden Sie ergänzen? (58)_34,"ich würde die einzelnen stellen an einem punkt bündeln,damit bessere kontrolle herrscht.","I would consolidate the individual agencies at one point, so that there's better control."
Welche Punkte würden Sie ergänzen? (58)_35,"Der Terrorismus hat Formen angenommen, das man Angst haben muss, Konzerte oder Volksfeste zu besuchen.... Und das ist grauenvoll . Es müssen konsequent alle Verdächtigen sofort abgeschoben werden, oder sofort ausgewiesen werden. Bei der Aufnahme der Flüchtlinge sind große Fehler gemacht worden. Das Resultat war nicht vorhersehbar. Jetzt werden große Überwachungen und Kontrollen gemacht, aber das hätte viel eher geschehen müssen.","Terrorism has taken on forms where you have to be afraid to attend concerts or public festivals.... And that's horrifying. All suspects need to be consistently deported immediately, or expelled immediately. Big mistakes were made when taking in refugees. The outcome wasn't foreseeable. Now major surveillance and checks are being carried out, but that should have happened much earlier."
Welche Punkte würden Sie ergänzen? (58)_47,"Wir brauchen auf jeden Fall den Frieden zwischen den Regierenden Inland,sowie Ausland,,Frieden in der Politik Allgemein und sehr Wichtig im Sozialen Bereich,viele Menschen Fühlen sich von der Politik im stich gelassen. Bevor man Handelt muss es Gründlich Überlegt sein.","We definitely need peace between those governing at home and abroad, peace in politics in general, and it's very important in the social sphere - many people feel let down by politics. Before acting, it needs to be thoroughly thought through."
Welche Inhalte hat der 9-Punkte-Plan? (10)_6,"Ich halte den 0-Punkte-Plan für einen guten Anfang, sofern er auch umgesetzt wird!","I consider the 0-point plan to be a good start, provided it's actually implemented!"
Welche Meinung haben Sie zum 9-Punkte-Plan? (125)_10,Zu wenig Konkretes. Imme dasselbe Oberflächliche. Da kann man sich später gut rausreden.,Too little that's concrete. Always the same superficial stuff. That way it's easy to talk your way out of it later.
Welche Meinung haben Sie zum 9-Punkte-Plan? (125)_15,Wenn er so umgesetzt wird ein guter Anfang,"If it's implemented that way, a good start"
Welche Meinung haben Sie zum 9-Punkte-Plan? (125)_27,IIch hoffe wirklich das es durch diesen Plan zumindest in kleinen Schritten gelingt diese Sinnlosigkeit des Terrors abzuwehren und wieder sicherer zu machen.,"I really hope that this plan will manage, at least in small steps, to ward off the senselessness of terror and make things safer again."
Welche Meinung haben Sie zum 9-Punkte-Plan? (125)_31,"Auch mir fehlen konkrete Ideen, wie das Ganze umgesetzt werden soll. Zudem habe ich ein wenig das Gefühl, dass dieser Plan an mehreren Stellen dazu ausgenutzt werden könnte, die Daten ""gewöhnlicher"" Bürger zu stehlen und zu missbrauchen. Was mich außerdem sehr interessieren würde, wie genau man bitte in der heutigen Zeit verhindern will, dass Waffen online gekauft werden können? Wenn sie online irgendwo auf der Welt angeboten werden, wird sich auch ein Weg finden, sie zu kaufen.","I too am missing concrete ideas on how the whole thing is supposed to be implemented. I also have a bit of a feeling that this plan could be exploited in several places to steal and misuse the data of ""ordinary"" citizens. What would also really interest me is how exactly, in this day and age, they intend to prevent weapons from being bought online? If they're offered online somewhere in the world, a way will be found to buy them too."
Welche Meinung haben Sie zum 9-Punkte-Plan? (125)_42,Wegen Abschiebungen muss die Bundesregieren sehr eng mit den Herkunftsländern der Flüchtllinge kooperieren. Oft gibt es unglaubwürdige Gründe und die Flüchtlinge werden nicht abgeschoben.,"Regarding deportations, the federal government needs to cooperate very closely with the refugees' countries of origin. Often there are implausible reasons given and the refugees aren't deported."
Welche Meinung haben Sie zum 9-Punkte-Plan? (125)_47,"Es muss auch eine Änderung um Asylrecht geben. Wir sind eine interkulturelle Gesellschaft und sollten dies auch bleiben und leben, jedoch beínhaltet dies nicht die unbegrenzte Aufnahme im eigenen Land. Ich verstehe nicht ganz, warum ein Staat nicht seine Grenzen sichern darf und Menschen einreisen dürfen, die sich nicht ausweißen können. Überall auf der Welt wird man hier dann festgesetzt und des Landes verwiesen. Es muss doch auch möglich sein die Grenzen der EU wirksam zu sichern, oder eben alternativ die eigenen Landesgrenzen.","There also needs to be a change to asylum law. We are an intercultural society and should remain and live as one, but that doesn't include unlimited admission into our own country. I don't quite understand why a state isn't allowed to secure its borders, and why people who can't identify themselves are allowed to enter. Everywhere else in the world you'd be detained and expelled from the country for that. It must surely be possible to effectively secure the EU's borders, or alternatively one's own national borders."
Welche Meinung haben Sie zum 9-Punkte-Plan? (125)_48,Ich halte den Plan für einen moderaten Fortschritt und der Sicherheitslage für angemessen.,I consider the plan to be moderate progress and appropriate to the security situation.
Welche Meinung haben Sie zum 9-Punkte-Plan? (125)_50,"Im Ansatz sicherlich richtig und notwendig. Bleibt abzuwaren, wie und ob das allesumgesetzt werden kann und wird. Vieles davon wird nach den Wahlen eh wieder in der Versenkung verschwinden. Das ganze Theater halte ich für einen Teil des Wahlkampfes","In its approach, certainly right and necessary. Remains to be seen how, and whether, all of this can and will be implemented. Much of it will disappear into oblivion again after the elections anyway. I consider the whole spectacle to be part of the election campaign"
Welche Meinung haben Sie zum 9-Punkte-Plan? (125)_52,"Mit der Forderung, Online-Waffenkäufe zu unterbinden, bin ich nicht einverstanden, da auch die Rechte ehrlicher und gesetzeskonformer Bürger (Jäger, Sportschützen) dadurch stark beschränkt werden. Es ist nicht einzusehen, warum dies aufgrund der Gefährdung weniger Verwirrter und Krimineller geschehen soll.","I disagree with the demand to prevent online weapons purchases, since it would also severely restrict the rights of honest, law-abiding citizens (hunters, sport shooters). There's no reason why this should happen because of the threat posed by a few disturbed individuals and criminals."
Welche Meinung haben Sie zum 9-Punkte-Plan? (125)_61,"Das sind alles Punkte die ich wichtig finde, aber ich glaube nicht im geringsten daran, dass überhaupt etwas davon von Frau Merkel umgesetzt werden kann oder wird","Those are all points I consider important, but I don't believe for a second that any of it can or will actually be implemented by Mrs. Merkel"
Welche Meinung haben Sie zum 9-Punkte-Plan? (125)_63,"Die Idee an sich finde ich gut.Allerdings sollten die einzelnen Punkte noch genauer ausgeführt werden,und der ganze Plan sollte noch um einige Punkte ergänzt werden.Ich befürchte aber,dass dieser Plan so gar nicht umgesetzt werden wird und das nur wieder Gerede ist um die Bevölkerung etwas zu beruhigen.Ich möchte nicht Worte hören,sondern Taten sehen.Versprechen kann man vieles.Was zählt ist aber die Umsetzung.","I think the idea itself is good. However, the individual points should be spelled out in more detail, and the whole plan should be supplemented with a few more points. But I'm afraid this plan won't be implemented at all like this, and that it's just more talk to calm the public down a bit. I don't want to hear words, I want to see actions. You can promise a lot. But what counts is the implementation."
Welche Meinung haben Sie zum 9-Punkte-Plan? (125)_85,Gut das ist,That's good.
Welche Meinung haben Sie zum 9-Punkte-Plan? (125)_90,"bisher ja, aber sollte an es ändern?","so far yes, but should that be changed?"
Welche Meinung haben Sie zum 9-Punkte-Plan? (125)_101,"es wird wie immer von oben nach unten delegiert. schöne pläne, die praxis sieht anders aus. und wie wqill man damit die stündlichen anschläge verhindern, denn darauf müssen wir uns einstellen. im moment läuft es alles erst an, aber der hammer kommt noch. von daher, politiker sind weltfremd, der normale bürger rüstet schon selber auf, weil jeder weiß, verläßt du dich auf den quatsch den die sich da oben in ihrem elfenbeinturm ausdenken, der sowieso nie funktioniert, dann bist du verlassen. nicht umsonst kaufen sich die leute waffen und rüsten selber in punkto sicherheit auf. die politiker sind weltfremd. und das betrift die gesamte bandbreite. frau merkel un co fahren keine öffentlichen verkehrsmittel, kaufen nicht selber im supermarkt ein, stehen nicht bei behörden und tafeln an, müssen nicht um einen kindergartenplatz und die ganzen bürokratischen hürden kämpfen und müssen auch nicht mit ca. 400 euro leben - sie würde auch komplett versagen. sie lebt in ihrer schönen scheinwelt. hier draußen weht ein anderer wind. ein attentäter klaut ein auto und legt los, von einer minute zur anderen, welcher polizist oder geheimdienst kann das verhindern. und es sind viel zu viele. wohin soll die polizei denn zuerst rennen . ich würd ja sagen, auch wegrennen im notfall für das miese gehalt. planen kann man viel, letztendelich funktioniert dann nur improvisation und genauso burtal wie die attentäter zu sein oder besser.","as always, it's delegated from the top down. nice plans, but reality looks different. and how are they supposed to prevent the hourly attacks with that, because that's what we have to prepare for. right now everything's just getting started, but the real blow is still coming. so, politicians are out of touch with reality, ordinary citizens are already arming themselves, because everyone knows: if you rely on the nonsense they dream up up there in their ivory tower, which never works anyway, then you're on your own. it's not for nothing that people are buying weapons and arming themselves when it comes to safety. politicians are out of touch with reality. and that applies across the whole spectrum. mrs. merkel and co don't take public transport, don't do their own grocery shopping, don't stand in line at government offices or food banks, don't have to fight for a daycare spot and all the bureaucratic hurdles, and don't have to live on about 400 euros either - she would completely fail at that too. she lives in her nice make-believe world. out here a different wind blows. an attacker steals a car and goes off, from one minute to the next, which police officer or intelligence service can prevent that. and there are far too many of them. where's the police supposed to run to first. i'd say, run away too in an emergency for that lousy pay. you can plan a lot, but in the end only improvisation works, and being just as brutal as the attackers, or more so."
Welche Meinung haben Sie zum 9-Punkte-Plan? (125)_106,Geht in Ordnung,That's fine
Welche Meinung haben Sie zum 9-Punkte-Plan? (125)_112,"einige Maßnahmen sind geeignet, andere gehen zu weit. Gar nicht in Frage kommen: Internetkommunikation entschlüsseln, Verstärkung der Videoüberwachung mit Gesichtserkennung wie seit kurzem in der erliner S-Bahn und Bundeswehreinsatz zum Zwecke der inneren Sicherheit. Dafür ist die Polizei da.","some measures are suitable, others go too far. Completely out of the question: decrypting internet communication, expanding video surveillance with facial recognition like recently introduced on the Berlin S-Bahn, and deploying the Bundeswehr for the purpose of internal security. That's what the police are for."
Welche Meinung haben Sie zum 9-Punkte-Plan? (125)_113,"Naja, alles Maßnahmen, wo wir wissen ,dass sie nötig sind, aber nichts wirklich Neues.","Well, all measures that we know are necessary, but nothing really new."
Welche Meinung haben Sie zum 9-Punkte-Plan? (125)_115,"Ich frage mich warum diese Punkte nicht schon lange umgesetzt sind, es wird einfach immer wieder viel zu viel diskutiert.",I ask myself why these points haven't already been implemented long ago - there's just always far too much discussion going on.
Welche Meinung haben Sie zum 9-Punkte-Plan? (125)_118,"Abschiebungen sind notwendig. Wir sind zwar immer noch ein soziales Land und uns geht es im Großen und Ganzen immer noch verdammt gut, was nicht heißt, dass wir jedem helfen können. Unser Land ist schon heruntergewirtschaftet. Es wird Zeit, dass Deutschland auch auf sich guckt, da gibt es Missstände genug. Helfen ist schön und gut und für eine kurzfristige Zeit auch für mich völlig in Ordnung, aber dann sollte auch wieder Ruhe und Normalität einkehren.","Deportations are necessary. We are, sure, still a social country and on the whole we're still doing damn well, but that doesn't mean we can help everyone. Our country has already been run into the ground. It's time Germany looked after itself too - there are plenty of problems here. Helping is nice and good, and for a short period that's completely fine with me too, but then calm and normality should return."
Was denken Sie: Wie lässt sich Terror stoppen? (70)_11,Meiner Meinung nach kann das Problem hauptsächlich nur an der Wurzel bekämpft werden - sprich in den Ländern in denen der Terror entsteht und von da aus in die Welt getragen wird. Dort muss man verstärkt anpacken - Aufklärung leisten - Hilfen anbieten. Sind die Typen erstmal radikalisiert gibt's nimmer viel zurück...,"In my opinion, the problem can mainly only be fought at the root - meaning in the countries where terror originates and is carried out into the world from there. That's where efforts need to be stepped up - providing education, offering help. Once these guys are radicalized, there's not much way back..."
Was denken Sie: Wie lässt sich Terror stoppen? (70)_24,"Solange sich die sogenannten Großmächte dieser Welt in alles einmischen, was sie nichts angeht, wird der Terror weitergehen!!!","As long as the so-called great powers of this world keep meddling in everything that's none of their business, terror will continue!!!"
Was denken Sie: Wie lässt sich Terror stoppen? (70)_28,"Man kann den Terror nicht abstellen, dazu müsste man erst die Ideologie, die sich Islam nennt, abschaffen. Modernisieren bzw. reformieren lässt sich dieser Irrsinn nicht, es wird auch nicht gewollt. Wirksame Maßnahmen werden nicht ergriffen, Aufnahmestopp, all diess ind weder Flüchtlinge noch haben sie ein Anrecht auf Asyl. Niemand braucht diese Menschen, vor allem nicht ihr archaisches, überaus lächerliches Gehabe. Es ist längst überfällig, die Glacéhandschuhe abzustreifen.","You can't stop terror - to do that you'd first have to abolish the ideology called Islam. This madness can't be modernized or reformed, and there's no will to do so either. No effective measures are being taken - stop admissions, none of these people are refugees, nor do they have any right to asylum. Nobody needs these people, especially not their archaic, utterly ridiculous behavior. It's long overdue to take off the kid gloves."
Was denken Sie: Wie lässt sich Terror stoppen? (70)_29,"Jeder sollte seine Meinung haben und diese auch aussprechen dürfen, aber den anderen für seine Meinung nicht verurteilen. Respekt und Toleranz spielen da eine große Rolle. Religionen sollten auch nicht dafür genutzt werden, Menschen zu verhetzen, um anderen Menschen wiederum Schmerz und Leid zuzufügen.","Everyone should have their own opinion and be allowed to express it, but should not condemn others for theirs. Respect and tolerance play a big role there. Religions also shouldn't be used to incite people, in order to inflict pain and suffering on other people."
Was denken Sie: Wie lässt sich Terror stoppen? (70)_51,"Den Terror stoppen? Dann müssten erstmal alle Hand in Hand arbeiten..aber jeder denkt nur an sich! Die Politiker.. jeder..will immer ganz oben stehen..letzten Endes ist Frau Merkel auch nur eine Marionette...die ein Gesicht für die Meinung darstellt. Die Fäden werden im Hintergrund gezogen! Wenn alle Hand im Hand arbeiten würden..für oder gegen etwas...dann wären wir schon viel weiter! Und solange Straftaten mit teils lächerlichen Urteilen abgetan werden, wird sich nix ändern. Wären die Strafen härter, hätten viele sicherlich mehr Angst vor Konsequenzen und würden nachdenken bevor sie handeln, Kaufen, das darknet nutzen..etc...","Stop terror? First everyone would have to work hand in hand... but everyone only thinks of themselves! The politicians.. everyone.. always wants to be at the very top.. in the end Mrs. Merkel is just a puppet too... who represents a face for the message. The strings are being pulled in the background! If everyone worked hand in hand.. for or against something... we'd be much further along already! And as long as crimes are dismissed with sometimes ridiculous sentences, nothing will change. If the sentences were harsher, many would surely be more afraid of the consequences and would think before acting, buying, using the darknet.. etc..."
Was denken Sie: Wie lässt sich Terror stoppen? (70)_61,"Ich glaube nicht, das dies geht. Ich wüssste auch nicht wie man dem Terror entgegen treten könnte.",I don't believe this is possible. I also wouldn't know how one could counter terror.
Was sind Ihre persönlichen Erfahrungen mit Terror? (68)_8,"Es kann einen heutzutage immer und überall treffen. Beispiele gibt es ja mehr als genug. Sich davon verunsichern zu lassen, genau das ist doch das Ziel der Terroristen. Ich lehne es ab, mit dieser Angst Tag für Tag leben zu müssen. Bin bis jetzt davon verschont geblieben und hoffe, dass es auch so bleibt. Der Staat ist gefordert, die Bevölkerung vor diesem Terror zu schützen. Der 9-Punkte kann nur ein Anfang sein, es müssen auch Taten folgen","Nowadays it can happen to anyone, anywhere, at any time. There are more than enough examples. Letting yourself be unsettled by that is exactly the terrorists' goal. I refuse to have to live with this fear day after day. I've been spared from it so far and hope it stays that way. The state is called upon to protect the population from this terror. The 9 points can only be a beginning - actions have to follow too"
Was sind Ihre persönlichen Erfahrungen mit Terror? (68)_14,"Zum Glück habe ich keine persönliche Erfahrung damit. Hoffentlich bleibt es dabei. Ich würde mir sehr wünschen, das auch alle anderen Menschen keinen Terror erleben !!!!!",Fortunately I have no personal experience with it. Hopefully it stays that way. I would very much wish that all other people also never experience terror !!!!!
Was sind Ihre persönlichen Erfahrungen mit Terror? (68)_26,es macht mich traurig und wütend das Menschen sich sowas gegenseitig antuhen habe bislang nur ausentstehend mit dem Terror zu tun gehabt,it makes me sad and angry that people do such things to each other - so far I've only been affected by terror from a distance
Was sind Ihre persönlichen Erfahrungen mit Terror? (68)_31,"Mit Terroramschlägen habe ich selbst noch keine Erfahrung gemacht, allerdings spüre ich sehr wohl Ver#nderungen im Alltag. Durch diese Terroranschläge bin icvh persönlich doch vorsichtiger geworden und auch meinen Urlaub habe ich anders gestaltet als sonst. Reiseziele wurde innerhalb Deutschlands gewählt und das Oktoberfest und auch Cannstatter Wasn lasse ich links liegen.Auch wenn sich viele nicht abschrecken lassen, ein hätte.... und wäre..... möchte ich einfach nicht sagen müssen","I personally haven't had any experience with terrorist attacks myself, but I definitely do feel changes in everyday life. Because of these terrorist attacks I personally have become more cautious, and I've also planned my vacation differently than usual. Travel destinations were chosen within Germany, and I'm steering clear of Oktoberfest and also the Cannstatter Wasen. Even though many people don't let themselves be deterred, I simply don't want to have to say a ""would have""... and ""would be""...."
Was sind Ihre persönlichen Erfahrungen mit Terror? (68)_40,"Glücklicherweise war ich bisher nicht direkt vom Terrorismus betroffen. Ich meide es jedoch seit vielen Jahren, große Menschenansammlungen aufzusuchen.","Fortunately I haven't been directly affected by terrorism so far. However, I've avoided seeking out large crowds for many years now."
Was sind Ihre persönlichen Erfahrungen mit Terror? (68)_45,"Angst vor Terror habe ich nicht persönlich..ich denke, Ich bin sicher wo ich lebe..ich habe eher Angst um meine Kids.. oder da ich viele Kilometer pro tag fahre .. eher Angst dass wieder irgendein hirnie die Kontrolle über sein Auto verliert..weil zu alt oder zu schnell!!","I'm not personally afraid of terror.. I think I'm safe where I live.. I'm more afraid for my kids.. or, since I drive a lot of miles per day, more afraid that some idiot loses control of their car again.. because they're too old or driving too fast!!"
Wie bewerten Sie den 9-Punkte-Plan insgesamt? (36)_2,"Reine Absichtserklärungen, die schon seit Jahren immer wieder geäußert wurden, es hat sich aber nichts wirklich getan, selbst die Zusammenarbeit der Polizeibehörden innereuropäisch ist eine Katastrophe.","Pure declarations of intent that have been voiced again and again for years already, but nothing has really changed - even the cooperation between police authorities within Europe is a disaster."
Wie bewerten Sie den 9-Punkte-Plan insgesamt? (36)_12,Der 9 Punkteplan ist nicht wirklich ausreichend.,The 9-point plan isn't really sufficient.
Wie bewerten Sie den 9-Punkte-Plan insgesamt? (36)_15,"Der 9-Punkte Plan wäre nicht schlecht... er müsste nur umgesetzt werden. Klar, man braucht erst einen Plan bevor man handelt, doch wird hier in Deutschland zu lange diskutiert wie man vorgeht, Handlung erfolgt zu spät.","The 9-point plan wouldn't be bad... it would just have to be implemented. Sure, you need a plan before you act, but here in Germany there's too much discussion for too long about how to proceed - action comes too late."
Wie bewerten Sie den 9-Punkte-Plan insgesamt? (36)_24,"Guter Plan. Und doch ist es für niemanden einfach, dem Bösen zu begegnen.",Good plan. And yet it's not easy for anyone to confront evil.
Wie bewerten Sie den 9-Punkte-Plan insgesamt? (36)_26,@ Winnetou: Ich denke da wird nicht viel passieren. Alles Show von den Politikern :),@ Winnetou: I don't think much will happen there. It's all just show from the politicians :)
Welche Schulnote würden Sie dem 9-Punkte-Plan geben? (26)_6,2 nachhifestunden für jeden punkt,2 tutoring sessions for every point
Welche Schulnote würden Sie dem 9-Punkte-Plan geben? (26)_8,es liest sich schön allerdings ist das Ergebnis eher beschämend,"it reads nicely, but the result is rather embarrassing"
Welche Punkte würden Sie ergänzen? (48)_6,"Hallo Herr Bartsch Ihr Vorschlag hört sich ja erst einmal ganz gut und begrüßenswert an, wie darf ich mir denn Ihren ""sozialen Aufbruch"" so vorstellen...?!?","Hello Mr. Bartsch, your proposal does sound quite good and welcome at first - how exactly am I supposed to picture your ""social awakening""...?!?"
Welche Punkte würden Sie ergänzen? (48)_14,"Wir müssen potenziellen Gefährdern auch die Möglichkeit geben, von selbst auszusteigen. Für die rechte Szene gibt es zum Beispiel das Programm ""Exit"", das eben auch Schutz vor den alten ""Freunden"" verspricht, sowas sollten wir auch für islamischen Terror in Erwägung ziehen. Außerdem sollten wir endlich anfangen, Integration zu leben. Hier muss der Staat aber auch wieder mehr in die Gemeinden und ihre Angebote investieren (Jugendtreffs, Kulturveranstaltungen). So kann ich eventuell Jugendliche abfangen, bevor sie radikalisiert werden!","We also need to give potential threats the opportunity to get out on their own. For the far-right scene, for example, there's the ""Exit"" program, which also promises protection from the old ""friends."" We should consider something like that for Islamist terrorism too. We should also finally start actually living integration. Here, though, the state needs to invest more in communities and their programs again (youth centers, cultural events). That way you might be able to catch young people before they become radicalized!"
Welche Punkte würden Sie ergänzen? (48)_22,"Ich würde alles verändern, indem man es trennt und erst nach geklärter Aktivität wieder in kleinen Schritte zusammen führen",I would change everything by separating it and only bringing it back together in small steps once the activity has been clarified
Welche Punkte würden Sie ergänzen? (48)_24,Das ist genau der richtige Weg .,That's exactly the right way.
Welche Punkte würden Sie ergänzen? (48)_26,"Probleme sollten am Ursprung bekämpft werden. Die Religionen der Welt sollten sich vereinen und gegen die kämpfen, die der Menschheit Böses tun. Nur so kann das Paradies auf Erden entstehen! Und die Reichen müssen den Armen geben!",Problems should be fought at their origin. The world's religions should unite and fight against those who do evil to humanity. Only this way can paradise on earth come about! And the rich must give to the poor!
Welche Punkte würden Sie ergänzen? (48)_30,"Fachkräftemangel? Sie glauben nicht wirklich an dieses Ammenmärchen??? Hoffentlich glauben Sie nicht, dass wir 2,5 Mil. Arbeitslose haben. Falls doch, haben die Politiker ihr Ziel leider erreicht.","Skilled worker shortage? You don't actually believe that fairy tale??? I hope you don't believe that we have 2.5 million unemployed. If you do, the politicians have unfortunately achieved their goal."
Welche Inhalte hat der 9-Punkte-Plan? (14)_2,"Man kann dem 9- Punkte- Plan definitiv zustimmen. Wobei mir aber Punkt 8 doch ein wenig zu suspekt und unklar gehalten ist; denn so lange die Direktiven des Verfassungsschutz nicht vernünftig abgesteckt sind, wird die Kommunikation auf dieser Ebene nicht funktionieren. Der Verfassungschutz hat meiner Ansicht nach zu viele Schlupflöcher.","One can definitely agree with the 9-point plan. Although point 8 does strike me as a bit too suspect and vaguely worded; because as long as the directives of the Office for the Protection of the Constitution aren't reasonably defined, communication at this level won't work. In my view, the Office for the Protection of the Constitution has too many loopholes."
Welche Inhalte hat der 9-Punkte-Plan? (14)_4,"An sich klingt das nach einem guten Plan. Ob er jedoch so wirklich durchsetzbar und ausführbar ist, muss sich dann wohl erst zeigen.","In itself that sounds like a good plan. Whether it's actually really enforceable and workable, though, will presumably still have to be seen."
Welche Inhalte hat der 9-Punkte-Plan? (14)_14,"Da sich jetzt alles um den Wahlkampf dreht, ist wohl für den 9-Punke-Plan erst mal Sendepause!","Since everything now revolves around the election campaign, it looks like the 9-point plan is off the air for now!"
