ID_T1,username
ejLeNx19uCrkO1ZP-LkOzEnKimBtn6o5d5hYcpLjyvjLDr_HsPLKA7O55QNFIIc0NBOIoJ3XkanYJHT7KFZp-QpxBZ9E4sjSDmsm8O0z7Ek1,4711
McU2HH4-Do_a780JZio_UyZz7j34B0grSnag-sABF8rm0yFP8wQEF_9ysHnK2vqB0JfWvMBBfdSWj4OAGlJbWkqTCfvopzCA5DUw4e2fkDA1,12345
pX6ekchnCMxvfA--EZ-cY3BKkEHkBDscUg1FO5Oy2kVA_ZNvmMt5jXoWW6m89rmdAkSLVEUQC3UAuHBFqSg9C-naUVmsOVWsvzQmIxUve701,57271
HooFfZsEUPTr1yg-bTXjQ7qgmmshA_7mJnrn7lj6yQI7UjPiCx0sOoOLGIiwOPB9u-WPj_tE8pxMmJ-CY6GRNecelAGE6_VwREOvtPTOlGg1,07megane
T9l_-ZT2Oco4yin5_IIcNbzBQbAnro6KBgeGU_DAXVDY1y0nShItBRhgkzkN-CJeO3ZNqbPqFBm0Yr7bO-35fiWzGw3c1MFfoYFboadkj-M1,A.Ts
7u3hWuvTzT8NDa3pMcu7G6bMkWBuKG35WQDRXulPaxckrdFHfL3KuwrY92jb1zaJh491wN89MnsWIDJNop4MJINZi9zEhbDQwzxWvHVPoIU1,acr.andromeda
vvoQLqBankcYRmYes8sFcD9urlIzvEC26oRqJmYXyeYZmI4wRsUG4CamJXtijKgjktjtCWn0zwbrzq5tsbF49umiVpewitm0Q8O1l3KI_Qc1,Afra
5Kx0BKJrWjJwdG3d6ctYr-WD-UujMGVLo3N3cXVFDqy-orsid25bhDr8ShDM_s5Se7JVqEdH268zj05IeMstIl77QhihoAVoI2wG39Gn-4Q1,AHlos
5Kx0BKJrWjJwdG3d6ctYr67CXWc8yOXBDcAq_ibWXkASjiXLFEyH7PMt24Jy09um6iNs0UH9LpdGylKiYOf_SbO070aRAUY5YeGtrFdd2cI1,aleymar
Iz7JM3SWpkIFsvzW2MgxJ2Y6Mr6bRxq28sdPDwyFaY_5XDW_4iZL2vjlsotj2JQWPsxeGr-GHW2G1NkTzIhOEbjbA7u3L_b0YsNAg_4MKR81,alinaab
GbOqqcW2Epg8_B67fT6rIhk_pkOXn8aS-kjXRIg-AknM1pgjBuddSNvxg0rk4hIdptFk8l13JJ2mERK53vDUyzx9MytbYo5lgx4Pto4wbU01,Anatoli
8M8QVH1qhjaR99_F_fOmz-cj3dJM3LzlfTbF0I5VjQ3UlNlUWQKo8bw6b-zg5IWjRoFuSSD06f3L3IyUvPTjKFXM2tiZxgyBfw6KCf3aQBg1,Andrea
hYL9FQxkZgvXrmmrF5CqZSIOvKxLIMUSuRtQHDdqHaCW8EEi--ANE6iag-XC3zorFliV6QaP6IzVLg7O0y1V7bg29RXi0pPQr9rt7WrwerE1,andreasj
MOsiNaT7-Kc0mXOjAco9FefcMqTYaSe61k4mXLJVJzIkF4rsoGmTp71ZYUTHD2viegDTvVE51TgOV7UsBJDugpZgVZsi86g2dPGeBQoDaZc1,Angelalein
0hBFOwzDvCvQAt2grb8T1yXoowbfK4PBpyHpZDv4PKI2PySbrTeHAn65tgfCF3PKnbOP9TNEC1yEVxb0BktBVvhdyM8u7RW9OUt3pasbUvE1,anita
lCIcuj207tQ8SQsKU8rwsN8BAoA3PJ_zVjaJJvZ1tEkgOQnSPXjHSGn09mE5nh1TILTUFTEyDFGxVvP3atHNmEpp2BCVXY0qxMzJBqlXt7c1,ankali91
GnQsvjqth1xnuK4izape1TYpCuwkDsFQJlNRTVYOaJaVxBY-yNKW151s7WKRZN9W9gUQ8WZTzazyyzAez7WnkfNeUgYRaCvFtrcByAy8Ij81,archeopt
_qoriaxrudjACo5YzTgI5-AYsOh85vSg8ihg43HUgvy7_vVUaL8DscU_SqEsfG3copuCNIXlCHLuQfTtgjyK1nXZocpNd5KJTCUHwIaI3R01,Asti
Zbp7PTAWsIgh3r_8qFlV8PxX3jOoLJS7qRyPM7HTxB-6Lxj_Vh3XdYFn5J-Jg7kxA4r7AMHELti1QT8FknKBgMR0P1C2nFiaLBZAB92xvpc1,Baerli33
pX6ekchnCMxvfA--EZ-cY2A6yn-MweijnPEfoxgNhQeiEFF_bP8W3H4auaiTmn08WrJdDQxp7WtsYcjs5nhUK2vuXEgUQb6JtfbczSSjJIs1,BauerW
iC4_KG9NfA3hOOGh9dSR4w7HSUWDje9EU7i5YerGOSAj_SuYMnpGb4WLQ9khC-7oaMQTtoUzg-Tv9qPTNs7e95iPOu8tPS9dV9wzuXzFKP81,Becker
U_wam9prNkdQ6zdi7rl87HurvDsjUm5BNvUHwMVMDOnSj3GDJtKx6A0KBxBhtt7J1M3KqfLp2vVg_S8zQhefZ5l-AvOFTKd5RdjBXosf54A1,benno2201
JkfuLQRbNVozkfHTPqddbpDI-6cJxQQGWONiMvo49_bor1cdK2QEb1xoK-RflbqZWH3XNPoe7qFXO9ACXYX_jx7UQGMAuCyhqcYORB7LB3k1,berna
9-VheX1hYMWWXfRJCuo1R03W7GBTip6kZ2csUaijaBd40W_9H7cRMhMeYprUhC7efR271HpzaKeqml0yQ3Wv-PmRDCrm-gCrwIbITSS8o741,Bernidu
6QreLTJlg1hW25We5T1fDyCMQW7Ug4TuC_9fF9ZLTlYjb9hII0hofhqpWXiQlGfJmP_dkYyEMOdmM4Pddcq_ivqWj59ieIprMM_J8L27lLs1,Biene
xu3LhlziiCJ8sMgTmqyFrEkeDmvm3pMbmK3k_EkF-6nu-DKXfRbSOw6ug4WHzvgoodGy--AcaJntsvugLmpi_AU1j8XZChDhP3Hx2Zb7Dxk1,biggi
za0lDa7x-mnHd0oWQScBztANaboQ2XWquc26ZR7pDLwoTfA8KpSACt9k_38L-oCjMRIJO5eLuTnmCAGTOGHE78FxJLDmPJ2fjZGAef7R1ng1,Blinzel
E5BiE3Ri9bhXqypU3UDYvoBzVUwAEUcWJbpjy8C8KROQT5_LQJhCW6h5MeNgaIOyKQUZ_eWHHUhIkdGZ2L7hYNyq2wzy5Iw6i5powLtPT3o1,blitzsocke
CvzptPGQ4JuKVtpPmtKGL-RUdGRS8LR-4RdV__LoihJbLebtHik2tQ6UJ5539ylbMQYYc9SNAdpimifezVg4glPYAUagXB4ZpUTZrGZkTlk1,blume
GE7qwk7NNpWPZgGNV7bQzoh_8JVst7ZgnDeLrs1RbWlrJxVk32Ubrdqk-nVV5xhnTx9mTwcSZnROZgVG-YOwyfLpoeF9cdHaMjLHWuD9VSM1,brunolina
Iz7JM3SWpkIFsvzW2MgxJzO5stB5epXyhMv1WcLCySjynl6nE9wUC8hlMUWF9lHoJfBRNbSAWLSwMDNNwJKRLqX-7OLWjTyj5phpjEVAJH41,Calculator
gruk8F4QED6EUnKiNVaT1pIUbBEaO38l4FsEgtqmWz-Mb_xj-NYnHoirX9-zlU1c8XsY7NDmlN9iagcVZ2p1KOIhPjEPHqEsWauWPgxKAj81,Capitano
3Xuswmz8rn9mjy3rvbwJxT8az3CW2CjWTbCMtsuSxSYnV-2fkiT8xvXtvL0dQzL1iaDzO596iU6KDisYDwzBt1gjCmBVosguIEgKvVLtfNw1,cappifreak
sCkVedkf0q1DcM8zQyfnB7DL7q91GXA9G4lkCh41W9Hqg046L6ZyS2dAMcaA3LiJ4hUpk1VDd3vRlPwatM4Kzp_ePRf0sA1zgFAuTewzFhQ1,Caro
edSJgw58QUKE5pER8xRrLozyG9rfndyzI2swWdPyNWrV_JcyVf3H_WudFWzLsAwzq394wFn23VCVduldztaHiLWvey5l1ANWF5jbvg0tUek1,caspari78
RfoprMIeRUkMdQ86oLccOpD9SoibK9bW7kyHw3tbxKjVQFMjBNrBTCk7AWjLFwgNJdo1prD2XnhJvwCFfH_Yp8qAz-SQOtihdoZ3hQWGeR01,Christiana
IbidRxdm03BQMSsYpqOMtaTNLqL1EJfBi-Re022dvMhpHfkgfr33O31-XJshMKnqZD2GEi6h_3NJ037bD3X6nNSD_ZBfUTRlfx1xYDqsZhg1,c-kr88
WZ2Z7qyrbhTR9LdMZmv4HOLuYrUIhPG04HqxNAuhW2I0Pj6j0etEA1Zkwh5mdQbBWZC2l_lisVx2t2DfrybC0BFkzTMXnHjfPlKnAcxfs5s1,colbert
GnQsvjqth1xnuK4izape1RDJerovUfoS38qIOe_vdUAsdNngiJrYZy2el6C5clIZ-sVuoDc1VrAR_LoJT6Ur2lVnfo3iojzUZCO7Ksmb2yE1,ColdAngel
ZET-PGg5z-LZsTNwW3ZMCABMh5j8XzavHJPF6XlFSltmmEu19kweG7ADEUemHyb9l_mrgMlc04BdkXXVWDzVL3F0UlKZhPsL1BYPiCJvfxE1,commodore
QLysn1lv-pcpGVcaRekYrRy1F3dUV10Ay7Gq1OzEWsgzVd0bULxRXIDWJX6k4SAcRffpstTlKGLkUfjU8h4kb9Ba4yhcd6b59nVQVybYsTg1,Daggi
TznE2KLB1tOUE0oT_TPil27nlGKkm_yv-czLuz9Pir0TLjRbSgGxQRb_pazkBdU1ppIDMVRcrocXTSkViWC5Ecgptfuazx-ZbvCTTNBHqhQ1,dana13
xOF1p59cJV9a4VElAmq9z_UKRK2r50Q7x95Iyl2RHczg6vNZ-TNcTCetE_abzDMnU_LWgIQVWCwPWUBd-UgUxAqDkQyIIpIxeUw5wk_aTCU1,didiamor
CPQK3uF5KY6nMgs9oLkscuGu5KAqs5YvWCcuzANrtsbdyTJy3tGxMLM8Nq_OiKL77bo1ZwAnAaLQnBSagN7CTPBewqgXKLvR3h7BbSbVHoo1,Didimausi
4Oy6fjGmV1E7rVTNOl2GeKZjP1p7EMZx1sxDrV1XLdhIFpVa6vqinosFgXC3zFumv8pu900GU9nBZzggFC9UwO8QwC3AGqyF0l7E3QMwzHc1,didistar
4jkwCrzbLk1Pv7ak1_VMANvhZD2n2bkEhylNpReHjaFs1abrzbzAIUOAWfT_lslqS7_r2BtJ6c7hnTcwP7hY8-NZxj5CrZOP_QJo1jM0Ydo1,diglage
aYMVTZV3qGPmOgXIhmB7v2kGKi5V5PyC0nz0jmQuMz22gurNYQvirM1cXnswti3hTdXhSX4LK3QQ25mEptq-X_iPmTj49yMUYOTeLPvM-_41,DJMikeB
RlybNEfp8xWQrtGjVoLc4yFcGRo4mEXa9geEFpXFEdmeRydue-7R8zLlLKvzb3NazKnzKfysUXbzrTiAyMqVfOc6DTObXNK6kRqvFzXmLks1,doclucy
3NWIC125FcUaNnqcz_DJIKQ3_iW5za-pj1M6r82ImsTuxYk5UuO-JV7yTqDtBg7yWFm-W_FL0Ja4fy1RZqR32yFAWedjDBP6EYCzQPkVXKk1,Doppelpunkt
LBj_R3zr8Au4k9jSA6gCrR5U_Ljich8oyBLzbwRNownSW5t7y9QVJMY-Wl5jDoO4D5SjZRYIL4z79xsJgGtjqFrRTcIiOquNAWKu5jIn_go1,Dorle
gruk8F4QED6EUnKiNVaT1llUMh5snBF4kMgRCM-rCYO7k3R_BHiiHfhSM23s9ONQL8UJrW6hXpYI4JSIRP3OfVvpLXhb-ahnevElPnk7f2Q1,efdo
6qvLs1kzeetOXedXVocyQ6TF3iswAA549Qj2NPnE7rXkFA6fl1QXuI1OwSheYgTe6PnHsb_q6aYkfXnWzdMKa_zsFmgm26PAxcMlZo9MN4A1,EmKay
M8CMXIJz-T6xkUDHzHpK_XuWerRPNRx_tvOTsfpoJiiBc5Zpo1rz0se3ENgcjD9wk5A16dDVXMXL6uYFO80SaR89OITouLTh0pEf_h1ZVLo1,engelchengrit
mwmzwZkBBI88nAXj98yyfG2CT6iTVHebxUaiBbwXt4gwniPEmLIDoSRCtN8ACjeudq7DX-IwVjhuf_5cft-dYHD8QufL1g6zqDNyphZwOxM1,entari
6QreLTJlg1hW25We5T1fD1Xj1R3IDwkMR1loyqY4jMlD7bUNAHOePkf5XzHLtOY1qlLRPoma57eGrPe1U-Ur5nT6dCmOBcWhMj99m1F651Q1,Ente
3-SMqocRwGeka8__1pXHjI6uiNeb31Y7Me8ax86m62dy_1lgxP49pCljroF8zJvkI8h-DdTS5WjqlHg58owmZ_14eg3FlgzszwQ6LpQakM41,etlen
OzyH-vWm4cxLml8ZQhq5XZvGxys7pikgzdgryRMBP7PMfEKV69Kro7y0hJDoTsfP0LuHqlir_SE5-0ReTS8-it8sCVxGQ-noAHOAR6BlNNk1,ettes
ICCSoRdT1IpqgYSIrowbsVfUzxFFExlzIuJqiMzypAKTP12uGudhS-kWRGKxflWNwhknokc7InjrjidJkj8Ye9u-UEwMSvXWuHOGGaeDsoY1,Evelyn83
GE7qwk7NNpWPZgGNV7bQzt24u_g-a22FNYRflBNGr-fFcWqch9ENFwg0LMishooLx0FTjqDG23Sg8oxHSFzCoEJcQfAysA5v2cziyxo3rN81,Ewald
_lUl-cO2lieN6BylffsatGWTwYTzB4PnzpNdDkSFXk2BjuyMXfghinIMddEiB9vzq0NPaq3WVH8TnlyXtHdz0m163IfFim7DQ4I1qhBkCMg1,farber
-7hy9sHrQocUx6mUhzlzW7lVZ0KgYRMVZ1bLQyuPwTTbcPP2VbaQZEnHgPcVhu_CxXglFtU-zmHOi6lem4RdsPdMBRI06ktRXSD8UFtDqgA1,Felix
y8T9JCi7zI7dSUl5B10_8X13Y5g59jX60Z7gLvvJTl446T7z_Azt55HtiFBptfhI7Us1UODVBZehHsU0b3U8HCfLVcVF_l8IjmzbIvexpa81,fischi
7xh3gOooaVEBNvk5nCaucpRk3PvtazPoSkJT2G8nEUJjZR7zn8PuddB0eV13sS_MiVhS7oigXPNrv2D92sPIq1YHokzHuM1TetWliXmdKIE1,flukas
XpAdXQjs5sqxMOeAPafneXda4cXMPYplIoL-qUQsIeYTgPW0l70k_lWWb3wMsDQHaIhuO0TPv9h47DKX-X8I0-MsRAb-QmssyxWblQ9dPyc1,fmanu
7HEXVnRj_Noz0logP83vjI4ARh616Z9CGllzraIGx6WVW-vPRCxzFjy5-2HVPYgMzVaDIiRk9O39TUDG6dGbuZCr2kAGSJqry0qawemkG7w1,Franzi2815
Zz33vCii7wVSG9daSjHUIQ289hFOjCqhPN90pt97PLVlYT3AFCKIAon7RH8-un6sL-sc4tXWYoHr-scCXQgdr-pvQwa5BYbSL0lJu1Mw5wc1,Frieda
edSJgw58QUKE5pER8xRrLglB1cnkBgEBWVvuHX83VtXDPc4YCXs2nGpD0NWJmkYoVPkuO9UF5Qrzsf67XLZZbHzucZrnrnHdud0v41n7mXY1,fritz1965
n1T6zFZhWuvj9CBVCflAj2e9GcJoOz9oRPY-WmHKHRVgMmMpsJko7R1rIPE-w2tfs_Ckr6_Yr7Lu9buWPdM2I5gpfJirFTdlj2eFhKR542c1,Gabriele
ik_NKIcj7S_tO1Xxdz3XOWM0lacXFzPEHejRodYPRgaljX-84eJSYfcfSZT_4H6FVaqKbPozld6ELaqd4ClYBkEz78A5zyMtlUK9v7HVI6c1,galina
xotQJeu2Uc4aLV7ik7DuhJXLzMcF-4olRjr0CvGOzmosQzG4lKsykHHO2rtWiDjyggujTy3w831zbUvPT2fwc6bJfZJh5-Bvao2TDjWp9Qo1,gewe
BRXo4AuynbG0HzuKLWzAgifmDlEGd881ktwfu7J8PsR3pwI8rnyij0sUbDKwVPmMRJlyfiZFTzJCdncNgDsOsDgUfEAtH5unUswKFlJbeXA1,gfd
WcvSEvfgZsVvkkpsk7IIXSK8RSbGORUAHSLLc5o1ZmZmhmmndXCt5kkxSE-0X7jdgECuaXm3WWPGPoglDJiIj5Tw5enJvEweRFxF6j5LWp41,GStumpf
H2gQyXwgnJIMpS4NSbgENEyUZipb4I-7eKyFMQRv00fVO5HjxjPoHvNiHRgS0UNOQxzbCbgRACRI1e18u2s4IvYYswO_7ozxvehAqtjk--c1,Guenter
VY5ue4hP8G3-v3dQ6UJVe795sAi1WYlz64VC-OQgm6OkOs7VIBfBBp97mm0GB6rB9pxKNVKQxhVkOEdQhfB9226Y_eSpVJt2Me_uMc74d041,guntram
RCYXA7jSYRsJLsEg0Ilg2IiPLVdOgduuESt8MK_Sb8ELY-S-Cjul8nPBG36_hYHJobHar2V9I7nDm9tztpoe6c5JLVW3WSQTNJxld-ZL3cw1,Happiesappie
kcOYDkbBe9hD2x-ScaEA4GJfTZcP-G5dYwCupIl87FXduKgBKmNAvr4ZEwYa6shbETqcmaw0TgpjkJf30j_ks3tPUOcyXFtyFrlmHnoE7N01,HeinzGustav
aQKv8dphvlaqifF8A28KYt2SZU3CI5vsaAsaXtGmMPPBY5J7DFmpMJ5ZFLrj9vrgPgzlQurRMSuWlfje5F96W49U1Er7qUoQ2ZtVGIERLHk1,HelloyKittyParty
jC-LPFz-BO1fZoz0K0nMrqa1MBGkcfMM76HxbwXdIRMMvQi8Z3OL6IymHiwywEc68zsF3tbDLCSdjKcutv9V_1OZpjrfEQpa3cJnr1XVsyo1,Henno
lVtovlwllsHQ-4P2zeO5jB4I65nTu9dhOel075lDsX2UzBkkg34UcF9TBZkypJRkFwNPQo1rRnKfOmBHiqMdq3f-IQcTTE2bVk38PUFlIxc1,hermannschoepf
VL20wFhB3Qm3pPso9PclJW3YQdGdmqbsc39k_5Syg8jql6U5R3FdKdi1WnaIgU7eDbNxutdv4N09J9HAXlAzYmLrhhCfG-UIgTcE9jncoYU1,HG68
iWz24TF0ewX27N1maIVAdyXf6iz2hA-RI6de7KgiqgGqLafvsuF70qyUxvAAcwexFi4hw0ce7aM_JPt57AQYtZCwlA02V64Kq46Hr0OMr_01,holpet
rQQNIzntegBJDiwUR9kozn0HTY7VEV8ZDPFGgh4eBu8ctnHeatNNTvk47la2OGv8owkXJRtNdIOy9lIyUxR7K18YFoWgOSxc_9hDQJ6Eupk1,holzwurmpaul
Jxpx0iajev5_GHPjYIH7dxagNilMewy8t2UGLtKV3z3JDmeWXVZ5_b_KJrI_T4YbapyxP9b3_FlKILqUfghKG2rddag6r5rVGU29uhuWDOA1,hotti
lfNbsQTApntKx4_laUtIumTfA7c4fR5-thdFdkt17PW0WVcMx-T4KpK0Qq5aVp-r5OFkkKH72pK1mxSCFFAMYONMEcAFN3gFcaNK3tmVTIE1,HubertK
nMzvYfzL-tTTIY3M2PpOiBQiH10NIwaakCUv8w7gXzfHI7-lMgvq1pa9k3YH0dKHnVSxanCB7yeguqmz4JQqL5XXB0LqBbl25zAlqanrXas1,irina1maus
t3qV1ZEGSRJ0OOpk-q-7BbljxuqrfCzTGTXil1-pdt68eQyxH_s_2_xO3El1AeA-RoX-z7-AU9lzR0oWL6oPW1aVwwQFauSVIBC2kwwFRbg1,Iza
S6-k-x-97YvWJW2vv7HZqB0NVvq8v50o4V5En87Dw5NpSK8xle427VFIBgdsznK2n6ku1EtrPEdt5o_LZ79Vj5KTZhi57qCyG3QVyXNBzpE1,Jasper
uYO_RSxiQ4Gpx9Xg4ZdCvPH9kRF5Vclr3qcPM8XyUXQNMwHKso53WYQm65bViFnnh2MUztoOQvmRsp5jaMQGZdnDipgxv3g7DG1JxdGanDA1,Jassi
1u7t1OpIPsgRgOer_If4rsizG6mn87H36bC428MJO5YCRRu5wYsneJdzmYv0JAczkoew2I3zxOWKgYR8CWG2I-Ld0QGKQcfLXtPgbXrYbKI1,Jemand
op1ge5fURx-ZR28Qx0Uu4TUqPRgGBWspFK0eWgyolJCacne13wmz-pxK7yA1uOnlIkQUJAXNjOMnDPCYXctqB7sy7dck0vzmTgPT6JzwkII1,jens
3Xuswmz8rn9mjy3rvbwJxXIM2yI3Ixbpg2kUiqOOvbg7g8eaLJVFmdiI1G6PA5i7fQ1gC5kxZxCYlVIDmRUNL9ywdOpf1TPyP3ai_R2cmEQ1,Jogi
CvzptPGQ4JuKVtpPmtKGL57gESJg5ClmiMTxLuvOrVpD4IpVI-lsPDH8JLzW7m9U4EW1pGtccY4RcXXWkC1WMNHOiR7vEMt-C5iL9eY2YZw1,joline
hs8COJYK2mtyj41bkcMmunuv7L7I8K3OHmtIbNZaXo4-Ex3N_E-Fg620EufGZUsC7UyYSJ6qz6bDPdCHWxEVzjB716JHDqFomeGAqrseD4k1,Jon
yS_CnSXNJKxoi-_buWfIGhpesldDrK9gWUtdGquXq6mh5_fH3hfCqFe0-iY7lj0sctTcHY8eh_Hezxj7DAH09_qLqlewJZGSTPeet1WwJhU1,jonirose
xtXvBVe6FVX9qUQDAylfuoVoCFbH-gCd0m7ZenBqB9ULG2ORGo30MI1Byg5Ov_jBX18IK5jUcbRDhsyxMPpeu5ktv1MQ3-fisjBKHdvEBUM1,joschi1951
UsX-jeO9wkdzPa0SWmAmIE6d1aZjYYPri7VbU5ee7FKQiaRvgVRqoYTI1Hus4xTm-vNIvsar6vsqvd4swnAzzjYG8KYe8Mnsrk3y2Zf2fcY1,Julchen
Q3YvqPnyw-kqEV5opL1Xpfm3mdGD0BYy5-W5acJeahfSSSAsqtk8W2votijx3Pzf_U-mCjjToizCnvWCuDJNeF8oi9yHSEygpxXT247GeQk1,Julia
zIA-G1QShEB2Q61zk8aCkcU-FyXWBp4capi69i_Rpxw1s4_I_dTyxRYZ5Hi43Y_3GveePv3Z9QkaZCKfKyXFCu4atTWptk3Ji9ezlbjQdRs1,just-peace
BaJscSMQ-QtPvBJeESIXkhV12_sN6myPMcp3YcQMQNfToOt_fMqt8q9ddcMDJAec7N_fFnL91zbZXE17TUkxe3FvLFZqz7AaUr-IEV5A4U01,k24
kUooM85Bj7jjUWCgN8qLNpX5NFh-WjPFOIeF-qVXxU9pmdWQ3WIwqdYEvZxEy0tflCmPHUyk5cdOoeHT_JeVSJTcMGNjjbLDNT1TUE59A5k1,Kagi
6v1vkF-85Ilz7U8HP1JMMQ0PSNnmf2C-8V4gaC7-lUb1S2UqHxxuhIzMZy1nZ7ChR9ylmXHsn7HvlmzD-zFnQzCu6SiUPS4mm0C6FUCWVXk1,KAm
aQKv8dphvlaqifF8A28KYsjnmUg0cdTkGpf-4Kr0flo3Xezea4lkK6UxrKSxJS45GdJcbrG5BGkoRZKGbW2jCdkG9CfoFke-MHhSMx1ZV-M1,kathy1983
hrX7cdRrmL9UwZmCEooIJfAzXZ21uM-G9rS56sNjwfpt2DyCIF2J2KNXlVZs-q9-_BW6rsgmD29hBlMK1fLxodyiZkKBy6VJcQ3BhTM4VBg1,Katja
i34QHDh5sQXPTTzCXRlBozqA4WqZRt-gw8LAyKaOnt30P5rethhJn-8SaWwMhYkdFW3PQsZg8s7BCkT7-b7LEBplXu66OhYz_46DXkufYnY1,kayguendel
5NAKVIxagNiG25ozGFjHXTZcI83gqgNmKsdhUvEROZuSuMGPDvlaaN4TtjiNPdeZoa8j1kWwOonwBgO3qqjyre0w_Np5ofjSsMu4Z_Bm1sE1,KM93
ViOEtX2w_Wed7OBPiby6Vk5TuRlvaiI6iYRIkM41bzHcu0w6bT6ACYNwF26yRPpovuVTVj3HNr8AEr98Ltii8qQ8B1pzVX2XMEeo2NBofY81,koppiklaus
RCYXA7jSYRsJLsEg0Ilg2GMuIm9hFo1qHVjUIrqTbCCKGfF93ISEWePHlgNZtBntSOossD8FRSE4pKQFmLo62oAwlsq-jKwMrL15u_pHG8c1,krid
e_DpaXRK--aI8nzb-3hedMsKMNj8ZzgUbfjOEx6qiHGJ0WQBaTNy35y4mQpJhQ9rDWAtQmrb9BTJds46KRreBhqOn0RnnJ5N8yDKiHiMhmw1,kruemell
vzo9eUXopxbw4QRzHCueXv8C49gEio8XSe3KDkB-_iZnu41HGQ89lS3tbhX-T7F4eQ4g7U4zHAxEmmcZZRSqrzuX7McX0gaGMWj8udxVwzo1,Kuranda
AsS30OI7UA7-lJZPEhhctNXDtVjMWoUkcu8tCdayIYR8aygu1O0S8SlsbiNHeFwEgf7DCTZH4w-xzzVvtikA2IXeLKcNDOGMYkf1ChUjO5Q1,Kylie
7aZjdpQ58pP2vZtieo9ZUIHUVrbyt1f3ogk4LY5BzPkDW1X83zz96U9xk7qfAhF2yITXgbY4df1my4ykJYz4anHkUegBYDTZ4pBEr6rxSsE1,lammar
w6BhL5mAG-CfRiSOfWjBYq8mjgO9ptQbwH9C58-jez7e-h43ruzfQpkuRxUinuk2xzvv28MIJMwuutQn1-8mf7e3kAO9ciSu7nyXJ8slTxc1,LauraF
ObCWmAS6hBTj_vZc0Bzy7XSx1wLwg5dXKm5Qah2DstsWPX0LSaonWE_57acU0HzD2L5ZEvxcG9bjboHtn4dQphKG85dVyMnyaTWTAfJUcyQ1,Leopard03
bk8zcMYmwF9KZglmpKcKK8Uy2CS4_CfNPYupJH17Zu02D4MdH1-HUBQB2Acw6ZcReVnMK-dlMArJewtBObWeZvDRfKi507UnXeif7vJk83Q1,Lia99
j5lSwk4flAtlqE4tGVbxb4ltbEBhI4VOE9Oz_dhTGpjxZSBMVZcMQuPH540gPcdjKXsI_5UUHfJn2UUieJ6CP3EA5NBjyrPL9kNN2wjMZS41,lichtblick
dhnMLpvuhs29pVuT3QLAO5la3cZruW0vS-71FVoPLky-czv1-cAlu1LNgVZSyFcE8BNRCbERT2fNH6E0V8QeLqoIg-tapGNxpunCNJYsG8Q1,Linda
eCtSDNWNERp0rgSkgz_1QhMmi0TrdcT4lgcUmoXwS82cRTyNNm_FL8zNHGWfriSg2UlluAFs2BWw_MVH-YGpGH-hh3_CS2KxUZQ1Pmm3yUo1,Linda1
CoEJKXgEt3iLRdLIAJ1jt6rrfkSx8OwZP9nRDdWgm4OVg0RLSN5eAc0NlbokgThIgcyal5rbffrzhXl3KMrtvj-1BHhyocOCGuppBgHxm5I1,Link
McU2HH4-Do_a780JZio_U53DDEwfSi4Y2jberwhXylZ8YpXNxsMnLlB1eigFs7xYZiGDZ_6x0YdRAGTyptWpAa1QZapBR4YhuGwSK6BpfKg1,Linkeslieschen
-7hy9sHrQocUx6mUhzlzWxmxTadnzlkOd7P5d9SiyCM_8Rm59TosgFjfdQ_bYBmbO5F_5s_BjknsekRCnhmAJjQ9WYnKjgVEff22nyvklMA1,ll7
CmEIoiRE0aWswDzx0pdxUPvVRvKH6fSR2nFxEc8B2Os-fatQYZcmEEesDJKsHcSYbibZKgpJC2vGjK1IcwoakMtdQOre20uz2GFgiXSVNNU1,Lucy
xOF1p59cJV9a4VElAmq9z1aoTPqxfUQGiEWSpnpmpxDjj9-4dhU8KlON0ft2fHq7fBLbKF151vlz_gnAgxSuSgbKL-fUQfpoa_xeTGnDEGw1,Luki89
aZUeNxKaBWNaGXK6h8glWjS3Pt_Bp7E6FFc0NNPFVRcMz_pjZAcAdH6eOouMNrHstuFIdxrSbWNSHBJC71RLx5HkhDOCqV7EHFFSwh7Snno1,Luna
tmwPy0KqtIjwSug6hRhKMTe_zWn4xvy5kLYprdWo6bbHrKgrt6UbeORsqyKdBKI2XceorEp4p7ZgGbunQsXpgYywiSdtXutRv5_4A8G2V7c1,Lydia
P5WBjJI2MBnZIGqIaEyb-MEIEkIZ6x38XVt7CgZZii3CBj8KFpQFt0kwmVAYpkhoGnup4JkMvFdbIXlA9F6qCaZNR8fQzNrkAVdAUdNMGg01,mabo1201
yW11sCDotZ12w5AzA1GaZ_O7imyMlOFCXZwYceOixi9py1mWdBET8CMU9QIsNA3RzTBgFFUwYVsSrLFTr1z5fyoNz8fnCNvpCM3UHqoTRPQ1,majaa
7xh3gOooaVEBNvk5nCaucumdae7UOXeo_VgWJyqX013HFP3llGcorrFtSZpuqyclqKtv-ggBNG86fEx85YSWWfCHlMUneZRWDHrYM7wOxLI1,Maksimo
acUpdDaWj2-e137lwv8KGZiil53jaB0Q7f7T-AixahEaiEvi2BIzgeyzZejtDfjgrhREk_qVdg36tTe3wuy-UKHucWqitkSJvarSog0wRw41,manuela
6KleSIeSFW5obkXurvfWSYbnGIlXyyh3QkgNtg-798XLREwgPNMsIhFjWKtUYQkjo3KCz6mCneuaGJ6BJNaDRM7TmbN8jXUMV2UEtxrk0U41,Margareta
9xiwuwfxIx9G6dZ6dKBiPXCWOv26KtH91DAfj594AnTZlldfPEiWV7NsPLFyj9GCy3Phl_PjbmnT3LKfKX1BgwHhILXIVa-PLzXGwZZmfOU1,Maria
sIQ7vMEYWVSnN0psYu1E-N9OkBzYSn9VJSfrM2PW8a9bOlZEvxLBvkIG7pbKCDqQ8OhzofxR7kRAO5vD7Y17Gcmakb1LIMtUCDBVQxgQW2g1,Maria25
drGAzTcn-Gw1vjVoyYQNM5_L6Yw6DPx5T81g6Z4vjRSd6VTvj9vpST_O2l0qY5qiCaH_kUbOlXyTL9UJP8ITE1P9lDup0y7F_VuUfkv_ayg1,Marlea
3TbFV3Ravm59M91qd5IQPRVtMYRqhSXDrPaBATFSEwaA9_wn3SNIx7MKBMProQI0bqY0-5VKe3QSyIE4YBTzgf9LQw7GOH56QMeFkBjRKzk1,martha
WcvSEvfgZsVvkkpsk7IIXf1xe9OOlwBlGfaolQUvASBpvQnyqpBo1NEykKEq6wmwN43iy3CPjrCz2BkWbDzkupvvufop5jmOm6DuUWj0qy41,martin
ge9mUxPUrbhZKs3hByHsJeXjUJnV8MtyKTng96tmU93C6KLDhR-9uVu6TWGQHhdzOFzbkL4AyEpUTweoOzwe7tf8jpNjyHlu9bGnMFs2M7Y1,matthias
WdqYOscdlnFkZYeftAdk0xRap-qqHV3s0MLXTjPHELJ3CeZihTpQ5LT0Xovpg96le0q47Vi4T2cYW03cVrOw4lf3__730u9BvvTKXUrQyAQ1,maus
xr3FrMPyWkwHo0U5N42W4bk3JUBWo-XFWnCPzEKoJ82mecoPa-uHeiaU6itQOnLsmUWv1XnkjdjdSb-PawWVJ7pPY_iJWV8xGwzDyH7moys1,maxi
HooFfZsEUPTr1yg-bTXjQ_-Vu9ke7e7yVJc6H42wmVe9LgMjnJbjRMlHIO2OaVfNX99GI78muPs6nARp1J9ewKxPT3Dp_zaiSBQptyyYTXc1,Meenzer
xhdvZPMvrwy6uEhVbjDVmQMDZZrc-RM0gYS3GsxcZqQPHoAPz-4lXUR4fcfxxFRq0ccY8lHaJUqXNPRPfZHpjl0jgm2YQi8569WeGHub56s1,meloni
nlWcAg43wo3huNanAk679Pyw3Y00ZwkqLj2t8QuMfVCagC-H0SzVCgMNuDhiheviQZzm-b6gLGVjcT9xmVQXvZqIMI_QoiyA7kVEAZYv5a81,Memmesheimer
fUtXX5z4NBazcQlJ7yMZSpJsNwgFW3Ew4hL1JYKW2gOhGWlpduXRA_P1cXgRmfuxVX-2pRkIddF1Y6x5csdarxyqStVI4ceSNk1PJu3-NmI1,merythor
jx7IF-xx7zbAyQmjWpayjilGbmTQmh4_XCrsdmJPUh5oRnukiYmxUT6HeLsjB3JcDDlDXyiSbG6u3_UeTuA0Ti5rN7s7MNGJVhDjZZSSLkM1,Mewi
1M9LuyhAi8TpmMF64j7_gfohpWeLFpFy8VULOtcdHIQaNcS7b7gDBwFbnGTpHpql6UOOf2uv7LYUe3rfu4uD_g3OZwWXlP27g83OGM02HIA1,michgibtes
KawMCCpAJ_bPXMcFwMrH7VJMHPazF-bFlT9-WnJNLEMNRYvwUiPsI_T90LRQmbwT1X9wZQEdXrR8cLzN1DBLgAcwyScCQ4ubf8a8REsRfV41,Milena
drGAzTcn-Gw1vjVoyYQNM_Bs-5JUwonDhSUoSRHwTpbT3pWZU0A1LQcftkZtQq0BKiLGEmB58xv08666solK_BHq_cVHQ3WfPFgyiOhVVuY1,Mirja1977
CvzptPGQ4JuKVtpPmtKGL2WNUooC1t7N4D0G3nb1lZnCs7XAfIzaJTPzh5ErjJNf1EA4ZtiFoJxI1yOlbxT37-8wt_g9wL5UsiJvqwrGFlo1,MissD
rqysZgOxqGsqd5oEPL8YGzuCduyGgmcH-1wVQo_hxXvBnQ4fh0rizRfycMiO2rbAjWSumJrxTQ9MGQ1CoM2z5TMHdw6PkYATelRvh64njiE1,Missi
gvHu4lHFg9QR6y1r298ehW7NzFIx6NlV8GKKgh7lZqmbywOThsJEuMqe_BQqI-T5o_BUxkTFPPX1IH1QVONUt9yJD6GYGPjCbfXKnhWDzr81,mok7040
qi8nqJz-jdNA7quQZVLlLZO-TWrMEsrq_G39myGlIt_6mcnZKBSyj45nNnhStwzSi5ULUM-m7DHy31AWtYjtjYhx1UrLUxwbgqRGpP_d_Cg1,MontanaDO
t3qV1ZEGSRJ0OOpk-q-7BcQqaAIEbREaTl0qXnVtim6Gty3GFHLYWzVgxmT-QzigQUdwoYj76gWW2TCf2lnegM1841jisP29Vm879siBvoI1,MrBastii
YO8S8R5Aq44Q_TVpYHZwXhFfIXIZecx2ZU1qThViYDeRAoApGvli3_m82pEq_EU96tDLkvAa_kuFS4mfQCvRBiRfQqIn9JNvJ9W7Tub70fQ1,MrRight
YzuMcGCrrx-Eq11YTI0kTFgTrExWNrlW3gOciDzt0KbUVohlEkCDklUgXr5J6A0YEYsZsPVQzatDW1S-TfwOLQwYQJFCdCvYWcxGi791ZxQ1,Muecke40
LEIB-bAXRtHMvcbtg85b34VluUOkzjWSxCoUvfuRxPWmtkAR5bdyWpBDkiKs48qWyeMb_-XGmKU0lgGg4QMHx36ucCYpX6SxPm8VBmWQ3UU1,Nairda3032
fM7GH1h6Xzaw3Gvzfap4cEMJl0VMNr0A46MBGGoDa_MkMWK5WEcR3G6rW7f0lI9rQSoVd_zJMV3EIeI16NtvR_y6s3vZNPCTB4kKudq_pg81,nemo
w6BhL5mAG-CfRiSOfWjBYmdEzXKS2B_ZGwyyNTg9AtJWv0RsA5w5ggUh4gDTkXboY0Y-La4rbxBKK8Vt5BAMHcvHPUTBNXgPwXrEbo2LSeM1,Neuer78
TL3o0DEjh5_Oh5iB5YQivkDfjuCwb3lR-iKWKviT4CEoeVPezftGa0XByYNCEDVdao4C7DTh5vFTa5k8eeU9WrMlWG-_9K2N8KKeDac68Kk1,Ngat
0wgGAG-GoTnRjrEN28W_7Dkh3qIrzJo1M1l4wxzHcgZ3t1aIoml_9DgT15VgV81ElC9xu2tOJTRNlO6v2nzeDbRUdgw1BPYzPfLSdPtFkNg1,nHaus
kBTkYd18DdivaGXJ43VuRdKFhQHSmwqjIZWcvpS3Qljwn7tPcWVXRHGZk7rsfOLcjH8B5i2NRfvu-hk5WRBI05ZtcLqDlGwX6Zg65RL_EGk1,Nickledon
q_a1BjN0jcAunp7bpINu7IKHFbjNf7mi2seo_IepIzrEvND4p3i5RW4xb5f-3aRUbKwmELJat0XikGtCRc4i51_FKVHlp1GlTL3GZ32BvIM1,Nominator
RPwhhcNTNYZe17esaVI4DkfolVOUMD9U_AhhdYmVX3uZbGn0tc6YVQ3DN-tU19pnhGVmuU21bnvMy2qPvqcwirKaoifgbJurMsNm13F9RiU1,OKluth
ilJ3fJYXylpDGy9VmElrCz8cy8bKBAB7fv52cOsNejySzqdSxVLTpzgcFY857HZu6D9JJolmEsq5u4LG1yohCg2MCon2Gor3TyDYJFkbwyM1,oldman100
i34QHDh5sQXPTTzCXRlBo08gFHU8f367tkFdKHKwz48ijqqIiLS57B9g6aV-7f9K1HfgKy8KPmgEfzbc_hth-e80nWcGwDJBh8Krh3GlaA81,olewie
O0Dunh89oEytddd3L1VUEoWhZN5fXa1z-Txc88jcwdWbtX5UgRflI3f5ZVHWMZbMc7gz5zMF71GT_iYUjxQEVkFHqkQ3P1pMc25zuh9uMaE1,oma2007
H3k77yviZQ5fTBntX0EaR_4xn47sGKuNdvaC6UkO5j8iVF1o5tY8k3HQq4cKaZrms44p1iPS68rjMF2_5uQyhiMHs99amIfgGB-38WnbzX41,opinion2017
QE94RaHZz69QD3OwSgGJCMUK9QyAN5AQmXUQqa-DZ3cpTzxiJn06vbhV7B1Fpml0jCJJ7iY72S_HGAr1f3NyKKjBwPsDHCX0H2KvAG9LxCI1,Petereins
LLGFs2elhxeHlexwxRM6ocFAmKEHeaQ_-8PwAySoWE_6nFfwox3gwGWrydRDHDMHfWgkAjxwkQQIRueRKHCzULBcDw2vWxYkcfp3IJVPaa01,pfuertiger
RozbTvkul1NpS9SSipfglbBW4-247o4qt2Pwuft3XEsKxSaryJp2cRAEYeFuHAcROL1VIBXDLD3znkCVb5q8Ml4Sswr_R4j42r67VeMEnTI1,pidder
WNd2xKXVNsIVyVh1GkVyz2U_IVYvjJ02uxLx4WZGTOyz2LB6BRnpRsOIGHedFaAzePWqz74naJxMUhILxJLWH9sA7-rblutzn_2IOIpkNaI1,Piii
qp9_SHxUUewsIvnaYYFtFj-XIRFucySv68XX4QYIgivQ-SKXVsslf4oBg9fW3Cgb7RKaX2d4xSsWstUzwMY47KE7pPBSZgsUYWp1o1vIR0s1,pit150
CPQK3uF5KY6nMgs9oLkscnH62OzdGRnkWsScLLGanFr3llVmvwwpboVinHPJGLHtdaHpvMer552Nf0bBYoJxV-rmssRLxtPE5ZwWej2cQXM1,pokerwuerfel
oAaHFiZVRGXT6hdcGHa8Opl0yGVttWMDy8jLPIeHelzjwTlCpEbqCvbl1FQQ4zKQB2F2W-ye0wpEvyyRvEqHGdtQaSnHpQGuF-VCkSr1alo1,Radebeuler
lCIcuj207tQ8SQsKU8rwsNBkIYSzTliFjMbk71MWprp5zPSz2euEjLoqB1eYhJ9UhULTAY479HW7eK4uSk1ypFUJzEfa5ANGO3G5_7CLhT01,ramses
Yyfp_15xEJRxkBxCAlok3PrAt3kpVtaDTHC3vsB-7Are1iR1P1K5cydbkfIdH2rFb3B5n62yLjjQSxmJoJf0DV9PXR48-XHBP1ttIW4N-ls1,raphti
FyzKWrFyKbeGvumYMX0y4htvVgl5D0ad0jTQpWNJKBV9nNlM6vqenie51mRdvR21GKorS6BduTXQUsaLXdBUfeS-eOqKq3xZtodnBVpLMdU1,realhumans
uYO_RSxiQ4Gpx9Xg4ZdCvK_6O30t0BSA7T-3U8OYGS7W_NicS2_FAi5hBfsAhkn0cZ4Z_EdzSeoUAHZwvKy9yx63WRyXcSYUlq7RMyJGTWA1,redcap
dzArDSNsoARraN_Sp9c-FyNGX7vnxnjEe4SnSBnyzbbnbyHC0vhOdywMAtCF09E4P060kn_ImKhd8n9qzxHfd2A1fqh0fzXNTPtfS2FwJQ41,redfox-tk
CoEJKXgEt3iLRdLIAJ1jtx5fWO4_pCUmO1WkHukp1wmKa_EpnBCov7TGfA8ZSJ-jdSH7IZ66-usVLrUxs1Ifnb-WW45MaTUvvmZzShb2M5s1,Redscarf79
sbj1XOUQ3KW7RbXK1-OUGHGb0RWT3Nq3AMxpyYQ2zMZ3VA_onGZYeCPwlmDlB66hhpm06BymmIen6dTYymjl_7Tg0kLaHTLO7zsnVoUcCnI1,redwine63
jC-LPFz-BO1fZoz0K0nMrrG2WJ35x2TXoCtCGEyruj85iNBcleuvCmwzri__pVczGnflAm6sxKwDOzWYoGK0Ue0ZXFUB3MvmD5bD1TLdk9k1,renikellner
47tMc3eEK0WqTyeBfWGsvSZcrM7Zj9i46TvZW0tF4oyyuRelL802uJeyPnTDOoerLAQKLIGOt9JXvcbIJxhDWHb8Los-1-QjDEp2bUnt2sQ1,Rentner
n-XMgicvji4plwmwQfxYouu6o1Hl4WLwE5prZpuROGrtiJSy78s279po1wVQrDAZJA4P9EClqgOk1DQU5gshVtZ3hLSmMvPs8GCZpMLJV481,Robby
QRpIK_FYmDjhmLGPpud8e9HY0MeHAk2EoGD-0z-WZ8aHbll0jhRbkyssWEJI_S7J1b0eF5atTW74ouWRt5b8mRbaQNTm0Jqvb1UhZf-gNak1,Robo73
erUVNN8D4LdhvF49bf0xOQkTyLSKwkX50pSz39z9rG9_PxdgNxL7_qm8VWgwlw0z49mKfPUG_qwBKyqf5kXC3JJev2x-zZVarXqmQ4-J8u01,Rosalie
qp9_SHxUUewsIvnaYYFtFhnx42AfpxBAT4zwrZ22WxK-AFmNjqOXrGAZCwLdK7nKjyJyPlf-ZYd76UxCiILme3EppbWyr-9z3MWqOQp21jI1,RReacher
DvliVnZ_dmonqfnY32p0UeJ_xtj0fOaRA_zx08atFDn96A-ifKkooRnlomHunL_qPNq3_cl5IvrU7SR4_WToyhCGlh0ZZ8x-UnTsSdMwkY41,s7280026
B22Nu9JKmX_SPmROjBwCdAuZNPL-AcGFzAv2wqr0jYEEXGRqRj2pU9T79a_clThbBhmSRKmSM3gkxh_Jo4Bv2nVmrJWEOb6nP2Kis7ZV0KA1,Sabi
AsS30OI7UA7-lJZPEhhctOi0ZU0xtGzx91eeHeR45orPjOaPT3ofGRNn3c1x_U5oFTv3rOKDZi7A74fHau0RIwgc1DS9_9YeB84402hnQ4A1,Sahin1986
DYXfdc9KJ5M6P7ei-Pylyd2K5FH7ZlPUCTl6KvR0lxvvj6LvbcJpi3d0gq2KwNh-oN6ET_E5eNAnKxi0sxPmOCBxsfncHUI1-5ECOlXI-O81,Sakro
47tMc3eEK0WqTyeBfWGsvXzcDv5KDGjevTssijWsoNeKkJR6IGQOjAJkHYxaIbEodQe1kkqBmwyGzqwO9Saib4dia_ZHlt3RgO1godTONxM1,sam2
VJHc2GkQxlE2IGYvYXCQKa-snTR48Jk_53Lhu4qBlSVhnOfOJ26cIDrjEKVe6-RdBvl73kHbpXn_mDsMwNeEj0AqeypWzWIiaWW_2yCARqI1,Sammy
QeMzwfL8XRzI3ZjuGpR3-uSUDisj9X5PaHw8TcVkPfrhPqIdsEl7VjW5fEo2sEMavNVI51J865qeBaQtBhat_73FVmTxIDfh7CtG3NONCTQ1,sandracb
wJ0DN4451puzu9dnVbxaakD2455FDVAVBEX049T8u-P_R7ggX49r8gg4VJo_l2kJbIj-N1kKkpOTGXbOF_TNzn5MRsdAtkz1QYatfJPmLiA1,Sanny
kBTkYd18DdivaGXJ43VuRQcrI659QmZdt7E9lL6nnaMV-KeAMkYxruPOXlX-Nv3T8ugs5FmifYmvJBC2mbPaxDDgAqHv9NkJchpLbWKgoP01,Schamane
tuPePHYg8VmjPHqlvX62rtHQYkrlnwMxJz4a-lyFCUuNkLsR6waOnmE5z1vGiyF6CuChxwvl-undaJQQoPLkxENo_hw2kFWPbpNY4ve20e41,schlumhilde
ew9rtpIL4uc-6U8VVCpd9lRUV7Qzlw5oGHa--DEOFwzWrU4sIYcrTaMO8uMVft8URLuddb86smmD0tRnlbip9vcr4ua9S01cajYq1R1hcdI1,schlumpfine
VL20wFhB3Qm3pPso9PclJYCADmO4sx8xyTc5kOipB2BmniPLC4bKmaQzf2POKw9gOigC-vvgO7JnpRFlGaT81coaMYHDHH8lQOBy6Tk_ozM1,Seb
j5lSwk4flAtlqE4tGVbxb0VnsuC0lwjyowCRJnszi-QAdVgjM_x719XpISZ9NeJ2PDP4wBAmEKkkZVWPvFgcNs-FbWDo4B7BlzZ-7QckV6E1,Sedef38
Zz33vCii7wVSG9daSjHUITUjdFAX6bi-P62-9B-Y26J7RAJchxfNrkawr4pfeEziZ0hY8m6zQg8bMmKSqYd2LIesNsQdlMEo7tSXkeFcnVA1,Sepp
1xIUj0_EKs8xxaMd_wb2j2XUGau3Ub_gXaABW0j8wAfc6RlreHfywyRsMzTKxBZEe74UnvjHnbi3VvVdDhtydtBGl81W6HtbzGz6-jbQtgo1,Siggi (=siggy)
xLzAhMS_69ka_h__-oVz3HLNk0r80HOTb4q7dWVSj0TEF-WtTPQFhmTP9gCErj0VcwmJm8nHZnMy4PnGMm3GWhSZKSeuRLMpjtfoZ3r8SAU1,Sigrid
3NWIC125FcUaNnqcz_DJIJhlZMweM3r35_oujo2OS13cYgYfztZA6L_LbDkvSAo9UhygWl-co4bUXwsnWRycORsQhKxsjDBZScNmeR1_Q1o1,silkmas
0SAPwXIi6X6WQzmMme3G1Ubmu8cY3Oskug9n3B_TnrWvnDoVwVtSzTfZT2xksTIImQJwkn0wzQo1B0B4llfOwA70nVFUfrjVCiOD-iXW0Mo1,Simon
ZoMJkgaMkFI8mNMZyIULF4WXOXmZbpyBy7Z3eADo0Xa3ReomdCDkvBLk19NegHoLInEqvBqsmWkLs7i6wRBv__uKDxSkmZQytdheMJG7UBQ1,Sinakue
0SAPwXIi6X6WQzmMme3G1Z1NGzL1El_1HSgLNfGz1eKkXyLZMmSQSmHVcDJHapdSJjUWLnNsCIzFg7duh9EGklyPltkX2cUQKUX34VUe-MY1,Sommex
JOvzxKFnqVd7jB0RPCx4o4qM8Y4dBonHbMVq4lD-eMitycy2nQa3OgnL0oQVnLVP46VfvQv19iRoMhzdpL9zchFa_RP6MxpOkcwrK7Bdb381,Speedykonsalik
hs8COJYK2mtyj41bkcMmuukFdlwPR9VbhsyK2BVgmxs3rvyR1KOWEQ2lb8YTNuNWDrwDBdGRMH-OjPLL2AnSCp0LN87wwlNYj0Yg97N1VAM1,srschmid
iolcDIptWfLFbMAbLlPhjtuhOog8_Zr-Wgp-2rVLOe7Gqp8pj6iTklRRsOIMYZ0ATfT_Q5B2iGyHSm_sYGa-87MGfdfUMMqWyNJJQyKBa9k1,stango
Yu1gnOsD95TC5hZIBoijjNJMIzqTDIFmhMHNLa3lL2dwb4O8A8YUgjLLrxz5Yn3EUiNMozTfVrYVal04q6bySf1_Bsztc7kPLh3SpCbTJrw1,stauss
v4Sen81-QUk7jGlf12_6R-k58krogCtuDzAjsg8gbPL_SFkGCuY-77Uf2oDHHlZdkn0_50hqteCFUDvWtIKnK6UGo1k1_416fS8O6MtRv1s1,Steff
ICCSoRdT1IpqgYSIrowbsYMAjXaxHqf0mjQ8dubEoLd4S96gza8MFICZlKZegVfIL6Qg7cE38pHulZC_loS_Vp0_9ug8qT33eo_wmH_REz01,Steffi
n2xtM_L-DXrszJpuqomng7MgVYMWUyQgGp8FgTk4_6x30ke27BuzxPnTlrK3ChprWiqxJ9kSQTiLofQqQtRwW962q7bBgNnUpsM5Ij-wPdY1,steffi3
gWdcTqatsPlX532zXC9LmD2XKaHvBeKe7HLXjOZ-PppwS2m6FWyAo2w6zJcVB-E2fvzNg8rihTz4zlr01XQQV1itNmCjuNptEO8RG21I6Jo1,Steffi84
0btd_eGm_d0eEWUCD_GJC_OvRMtTIFxpArR1r7bpq_jx4v4ghcqugKVlwdBBi3TlxJLM0JO_KjuhLDwOXAUFO1TgML0pTvUEfRndjqJvIeI1,Stephan
za0lDa7x-mnHd0oWQScBzo_J6bvjomVCXcLR8k8TnKlCfyAVouboVDEmhaKvxDgMStXOd_nOJN4rP6GfDr2gMOERGMqaM_W1CxSlTgeRcNQ1,Sternmarke
6XHc0eX8smeWK4ekvOVzTZ0lTWud7GFAfZDWTI0o6IyZPx3O9B6Nz8xQxe0ARAjxt5UNsr0MR4ChvrtvDYHs3-I5qjp8MALGZPmjlyBpafo1,Stormy
UAoY70ucH-APbssH6R7LY0e6tiQeLZpCxBY0c7KHTCZZqulNnvP72rZG_6_8tK4teDzqSXTznrBiyXdi8xNbzUJGfa6Nv6sgG6D8tY-mr7I1,studentin
RlybNEfp8xWQrtGjVoLc44vNPOXajZTH8a0oX8s-HrHMAdXT5Qgu__4cXP65Egc3fyYGrlQpzKTteFO4JIkVm4hSFJVpTh-SqPJLeuMoIbc1,Sudiko
_qoriaxrudjACo5YzTgI52dTGmh3kNDkqWbRtlGt34LB4-y2LH0njlVgxVR1OfSEEkMTrAlJMRZBSADtTEcN9N3mFeg22CcXuhb5Ux_WOhw1,takecare
iolcDIptWfLFbMAbLlPhjrYRBslZtjuk2i3a0J3-zFRhiz6Yxm_QPg17N4Ws_d9J31HOR2wA68LgnxQLHaauhJo67yuwusVW9aTG92Xrtqo1,Tanja
mJuocWLZ6zDxsbSiFFXzXLIV5yojwvOUJDCUE600MM8mzul3jWa8uHoKP6FP4P5CXW--r7olL4SZoGSAO4Xd4giATsDrgepumYg6kwpaBDs1,Terror
qwkIx9npExnKId7Dle5ij2OUqg3S9lzt0p3EI5PTTXNT1ZEZGXb8-MTV93qIoaIhgvchg3CMjgH2n4g9imsJsiHQQiH8RVRCnB6UPOKwAfA1,theo-karlsruhe
RuG5iDD2bNUo1gVw269Wavr7j9fj9nfUm1V1bhza8XPeLmfqsPCIC5T6r4MDlYaaz7C4WWy5fwfkCDZ7oAioZd0UWb-WfopkdLLZ8rrmnPo1,thetiger
oxlTg8cQSaMr2aArULamrcPVHjHyaNfnNhOrxrpAu5oL-NXVzwHEfOcuDqw12zUHaxHdeVB_odhts9PIsTW6XMTW53_qM36PZyLYbz7CHI01,Tiro
pTfcHIYgOkuTAWcQ5ORulb58TanszgkzDwbRTaSyXK4jXNr_L1Zh5bu1dSU6sbakwFhE7ZPO1vk9Ych-sp80ibxb4TbY_9NvaqP_2fisdC01,TobiasKre
iolcDIptWfLFbMAbLlPhjl0-hu6XADw8iLeupJABBxAjpm2NxrqQwPOatON9S9Uc4A7x-0Vb88I_But67Lrx6c9lVgBsnoLgQ-axQ1OX0kY1,Tom
nduubHJw78O7DowWMBQgCq6snbR4WjLWiQkyfdnXD5s2HN8fua9dH8Urjzq0MiogN9zetTppgRRQ8CQUiSW-GJmfMmVmxVu5YZvAsKCRHPg1,tommyremise
HPXVAU3I2E68USNOPWTYa26Nz6rEwZSKkyICKBLj65k7zSNKia0NPgGi7kP4K3TovLROvNuRClyayQ5m2W-GUqbyCVS7bJOYmLgTGVGNjg81,Tosca
8oXPJwQFkJiuklD-YGvjSgh5Dc7-bPP1fPW2vX5e_13dbX_eBPjXq3VGTa6BMw9Vnz5us_p4dgF_mRj-PiNlp8DkccSTW_AnxmjjMEbWiK81,trafi145
XsIl5VR705EBW0gd-VVA0fd_ZA6bkCygzjPOTiIFth5W28Z0qmOOeyirc7NFV5c2RfHhp6TzkkuZvQHrVyfuh7j_oZAhBliCBZ2N3pTiIcI1,trautensteiner
vjNtVGcQGFIsmVPiXqBh1HJl-yqL9vdLGVrsk1PqyHviwer7XkatfPtxil0v1Reb0831uz8vFmFj7TErrfSnDLHzEvEtksKdLwT1PQmZtek1,Tyler
6RjGUldJ3iaBwrUE0z9h7DHYq-Q2tKf6DZUjtJ6FQc8dnHWEardzif0lOvGISrEUtLiloazm2LQIBeneDihgu9CVG98GdkXyhIRB7TNeGCM1,uki55
k4MlVsScOUBLC4b0rG0UbN2KM0y1y0VlQwUJtUjl51prtIwkxCeDhP_67fFodNt2gFpVHD8_xgLD3OzWYqUf3bv1ear9sTClv-w-9xO0Tpo1,Ulki
RCYXA7jSYRsJLsEg0Ilg2FPtlztrf2iTjPqQxGnmQb3W2PawTkj-XittOpPIrpE6ZWJ5MifzdCXxtR31DZL5t3UlA-3VaOejFewqB6_krGI1,ulli
B22Nu9JKmX_SPmROjBwCdKfD-Pxhzp3Su3Hq0ZuaGOglJLzuax8bsVM2L_XSfhBZAZ7KOFOZij4USs3lAG_8rKDX6uHc7s3QEktdd-UNB_Q1,uluru
tV9YjEm_mStUqPEzfDZednsOpQxLct8D8KOLh8PlsG8M46bCJTDhG4zgPDHKg5RMQyZlcNmcF0hKzuyJq9IiopLvHTcWuDQfdepaNQG305s1,User4991
EwmaKccc4-SMJE7aajABb-e3bJZCbpbF-YPF2qXZ9HhTGluWpXdp2tEVgeOcKH5bGkXS56f8Q-Te-vgiuJvCvnsmbnOMSUKAd8ldAqxNFgU1,vanni.27
_0QF7GIgg2htfR4W9UIa9URqJ38D1I5bFzK3WaLYtUw9HrvY0X4VfRysp6AbRgiXT3765KUN3nO2i-TRTDR1Ht1g6LlEfh0SKgyl68s-bqE1,volker
lCIcuj207tQ8SQsKU8rwsH6FXY94cC-MSamsEEpuOIDXzaU0nf-pJvIi3gG2hOuBUe4lMW0GjyXeCCNSdTazevzOHpsVQCgHQ67CweTtX2Q1,volkibubi3
inLs3a5JR_4etsXEMcFrl_yzilApIkwrdG75DbVAhjUZNdRRR_ewt_a8IOZBR34OAQUFZMaOgg5SLsBrxwHCa-rnGXppJl1asbFVHTqQWao1,Waechterle
WqLxzPe_n_8k8la1WHAlXZ5ggWoVv8fhX73iY3GSKZhtD-93CNB-60A99OQJWhxK-XtntOZwcT-6_wsx5OUZSBPFA6YfEkRK-HLHLoG8VSo1,Wangenheim
PoBMswWrHF9WViLARXmZOXQPfoQF9f6UBT3xpSkS31swiEZUFX_MF1fhaQXDXgWmR0wMnCPAlGitDFLLHSv7Z3aRYH_PL86XCE_cNuddis01,wasi
nduubHJw78O7DowWMBQgClJY5fdZzU-zD4Ey2ux23D49ejmATToXDGJOSCZHmh67RqJaNdh9Bk4A6jjLeKvBED_OuY-ZifK2alKZVugr7HE1,wolf16
Ke89VzmLuOtYtKgYBC_ZhL2JnQOi4DG4j127wyxm7bM8VOhwfhskOeQJ446ADpXsw5BdpVaQU8Y0IbyB50VmD633lUcDY8DGoRbajh9-WCo1,Wolfi
fYrwN8UUX2O8F6MA3EheUm4VeBiYUyAyx_RhiqduL13XGOpMMnoDkmaZqxUJoDPkZK6XFTPFPIFRgxMZUYtvvo8f6MtRMSl1O8PoQah4C3c1,yrkn
VXJxaDPVwyTwjHeGmBJCpKZje_HT4arVk5ZqiuERWw7nM5Y6-VMgWBzFSakOcTI_B_TZpJTCsdWI3YO_O0wzqJ8gdF9sYsEm3q0wuy35HF01,yvi92
RwqzWllR7XHGx8eorXqZvDKGKHtGqfa71l9YDrAHVHP4f4GPPmeNwVcmsyah3Cc3nAYBJ_jVz3DYwQo_AHztA-WTnpphDcyl90DjWY1-DiA1,Zehle0
7aZjdpQ58pP2vZtieo9ZUBb5W-6xF0y4myml_mtlHCRH61kzbdw3dBEBLbMs0c1st2Enzs1Rh7OYKPt2qnH03F002D5dXQOZk9IqjdPTzuw1,NA
rAzsmlNqVOK_SB_7e7FKhIN8TjnqMX3pc7oAqWW3SNwDgo_AAi3Iwf_JvBfDsBh79LzeP_rfPZIFwWMkKuAgEhVgoDovhpJeg9780UIRPZk1,NA
6jwVj-N0EUv28jDm_JK0ZBTO9-6fj7Wf_DXg3MmbFM_1j0I7qUg8aKuOU2LHP2XalMN3jbvprQkRfGLbrHSk51TPkJvCnwbhw3szBcq_1WI1,NA
36ebWW_WWBs2qNMI0CbfG_Hp2FcIEpn1vsUp1B-UZNwEtN6Z9R8fAKpZszEVWq_sBQcojVKDmz-fNWCbTo15MbCPbjruX-xBD3nt63Wvgss1,NA
36xTu442HlYoIlXO3e-vC8Ksp0IiOP8H7m9gsJNtICjLNw2UXk_utLHrDUjws6IAK4Cd02FP7jf-xw9MB9xoiKjrcJDZCEIFCFbvocAJ_bM1,NA
WhBhgMjiParyOZj_h7ChWv5JP2qQAsInFqDEKHPzgxBrvQ8SiIlEvzsL1-azlPMgxIcxWnmsf1YbkNbxPWKfHDyNryEBFGi16fsOay80pxA1,NA
fiiDz69EQgo4XTWRXBOZKHT9Rl1oVh4m_KzyDjA97OJRRQ4_B6rRwLc9QNdqdHgbLvhbpzBwHiKoGe7p_gOoBVN1KeuEFHty2tA9XZF-4es1,NA
LEIB-bAXRtHMvcbtg85b3yN_KUawNH01B9Xh5F8y14QPUZTSMugqd52DOOtDVHaWEtXgvshTKc2IKhX02nTT4cdri7zYn12KFxzgoZQxoBE1,NA
ge5L25JbXyBuCYacXUUu352cmsxrXK8KeYuWR2EorUlguwqVS180pk46dFPoCDimBJg0Rayqb1d93AenM6Emt2TEfIEb3F84ffsXj7jmQKo1,NA
Jxpx0iajev5_GHPjYIH7dy8DHbmxbhXAXpPC0dZ29uBHeq4f7FqCz5HbV7vzKa1ApHLJDVQIVg_u9rNBBTspwCDD8rjSl7seZgX-JCBkj3U1,NA
RuG5iDD2bNUo1gVw269WaorbqBp0uoQwdK86g-vyXCRr2pQnLdh_NR65lWEBZ2FFm78yIU0wz59IYwfzDXV8D9uSljAkyMUZednj_Kp_5-w1,NA
rqysZgOxqGsqd5oEPL8YGwQHkQ_R2zWGxEbSZfPjCmZV5o12Bd1_UtcVnsOy4UWbfQJW0utUVUDA4RD7Fawn8BPr1oSev3RoNNLfc6u4fxY1,NA
zSpTskjff1jOw5ok7X-xqxtXZnX0nSKX2DQVirb1D-UQwik-b9c0VINaSENdVtqMEzMf8TTTD2EHwx9pEArYDYSW9-cHzouqxhUbbaAPb_E1,NA
px2DW2vFDtuz0M1zY7uwBZ-H9O9QRWsHY_123CLkIv9XzKf7X_V4ftmIEdM4rLmHsck_z-x7B4d3JR6dLthHGBmtEtNcc0zC0I3tCljOtZk1,NA
VL20wFhB3Qm3pPso9PclJVPi327dWOsXCQCsYEqxnO_wMTAuJRFPyfxqIrGnsdno4TcoKPqcG-xz1aeuLOvjk5tDwKeSoTtzoiNWxBaVrtE1,NA
wn50HK6YdcAGCXdLwUnnDtLbuw3qGp_vB3yTr_uOWy3i0Qqpo_yWyGHiJa_4ASW_9Gwx1u8AZHPZbvfeIMHsqInHP_m3G0uWe26vjLeJnps1,NA
xLzAhMS_69ka_h__-oVz3NuPxZUpNwyqGK1oTe69C-Spy7F77yM79wsOPBJHA6hZUtwTbSy0DRpeVQrUBLFUWy079BmK376TM190_V69y2Q1,NA
ISOzy2gguMb50NXlWOJT8tg2OLdvQokkhxnDQ_49fJPRdfw96olVui5a_j1NM382KtozfS-OrCFm9klGbpEmHcc1JdZAbAs7cdKZ8RcELjs1,NA
FrKHJ509nzE8EjT8W_RWyXSTD23H4xvfSjwZWnySlnlwA7c0MZcfEzvGiA3tRC1Y4_U_Pqon4mBNczvww_WafkexnBI6mHdUqBQGr6MvRWg1,NA
2_nGXwdcaBg3KEXLw_o8xfKM7gZqlUyPppI1CLxhaBa7_0qVX5mXE7hRiql5orE3NWEyzG5KaLFUtpAiOog7eiUtzLT5KYnt_AsjtHbzwvU1,NA
X8Y5j1h2mebeM9uQYtLcgN6uq2RT41faLkFo0rUq2daicYQqQn3GQYLF9wOGWHISIjSBDl7aWXjXk1NbCGUG589KrGEgk--2I-42pSIPIRQ1,NA
1YtzJrgAGf2548xMY76PRNeKttoYjJCZpL9x55zQX4R_iVHd9I4PfczR1gazuEGZM4PU4WUGU-WfpnnIkO3D-UqChdchbAYesxcV7-gEflM1,NA
6RjGUldJ3iaBwrUE0z9h7KzArIZQlnvNMP6VzXq8lpsnql_2vmmBtWTqeGZaOEVGxWHIhrxlU5GkPbENFiLcNYafGvtv5YkpOgYbo6_VGNA1,NA
BteVUZCoOTDCktq1kS77pvZS_RFWSmVpOM_vLh-Z3u45BRRC22lMQTyXKGZrL2kDMir5CwM1hnG_GgT-5zZOLfKof5vVKBZ3qUXC7ZkTwp01,NA
gvivLTF3O7BNweQNeptvJxfoRopkFNVoZGPGR6Qwtu2PL8E1UqnYpEWmMtrDc_oLFC50uWocYxqthR21vW2WmrZQSwUvcNl7ITQErVhiy1M1,NA
ISOzy2gguMb50NXlWOJT8p_d_TJIUikpebKd0VznXDfaKJLql6XNqYyyV_GLoBr33RBYkSElOKlmYsER0dxe2079mkAdkcJ28y5e79JTV681,NA
6p9_PUKPlf1ecy4KRhNWlP5Lfg86UKgHF5qIhIbI0JXjz6PN_t58OA6U-dwpF5NdziYAezzqXTb35s-Z9HG-usmC79lwp8EidMzZaMGEUg81,NA
5Ig_W70dmJW8QK4g87qPdBaR87qM7G-LNcajfkhn3sTcFvQTxgNsdyjN6acpFFjTD5RA5iBABpv7ICwQzM09VMv9Ng5jd3KPW72u9TMulSc1,NA
VpQGPSeDQ-y8i7nrESTYJ1dsdKFwYYwLpxWWwxDOnrCqGLz80uvz2AE1F9wYOLmufa2tXWCpVU65M1x0Kl1pf3LrMP9ZBWPo7E2V23xQiQ01,NA
aYMVTZV3qGPmOgXIhmB7v-ddXJ2Y_jwxWd9xfjiZDRFZ5rul6sKAuPixnVT9x16SvMfSfZ4K9VPvG8aVsXjxcjl45GV5f6dFM7BntRh0C6g1,NA
eqX5JhzmK8i4BO5GzA8ZeP8uOoTQhT6nb7otDlQvvZ_lHj3OtzyJ4eZKQ9oSfx3XXptOEOOGfIlbmF-P_MpfgMtisN2_J1R46Y04TP-3JqU1,NA
9fhpdac_zrpP2Miu6__Ju5Vw57TrXtDpBjPHurrlVPWy02dR4HKTCf_Hiu4fqQAqHQDV3kkrpOC1nfMEvzI6uvWn9m8urdOtDjJJy5F9ZuE1,NA
HGGHWKCOI4JYfgIiuuZ-cpiqEgbsCED20gVf1joADb4yA8U_F-cBAmTRhtKkI4UePVGHwhnwuYzIu0IbNKaPw-L3qL5XXuFkFADWc7bKqOU1,NA
LxLY241hPSnmH8NsC9BHv4QcdHfCrqxvkzFh0KK5q6fEEz3eggYfHTMxgBic01JeIKGByvH045YSsNYKMMrHJ6rYwuoOdT2xkYMZKHFNjFo1,NA
XJDf2_WubztSaZST0qVusYO5bOyciBZBRzRqZBhNr3AkGtx-04IHbsmnqjNYD3Usl1b-hYQ208-E69VJZJG2jdnfUjN16f75JWimZ-Ok9041,NA
QE94RaHZz69QD3OwSgGJCM0nc76Em7uAcEytJQemyCVMgWGTSdbAsrp_e_TMPSqJu9hJGCK6NhDwc5qCpqayjgL862TIEuYXfk5g7miNynU1,NA
GEYFF6hf7X3vzusRJw-WpW82dDS_OLzH4MAV3jo9rzCwa4eoucUp7dwqYgObp49mSUvT_PJ4HlqjuUCXhsiNJdvCQSVrPXsJHX54GaYkBYw1,NA
SlESgIa6mBbG4VSBk3fJZx-sVr7NqxFjOPGgHhWaitMzzqI25iPRmZIy6Bc1BWOs4_tnXAYvtSQzR0QzJrdgehKY57lzniOLNpOstY4TJws1,NA
rl1Tobqc2v-CRGAVYJg_DYRgHmA3Q3PI1RwUPlhn8DkARSRlUca8Xvyl2BVPeK4WhzIzujAoFp0CpdZntFdj28mOgHoOecLzg8Fo87OzT2o1,NA
KNMVt3gg1qPaE_xvvIp0c9uBI_jhsthV-9JDdcGDdiHM-_SCu91eYapsn5hdI74f-CfK0uvXbb4kEEwsP_dKN_pydS85B0fQIXHSrWfE8-c1,NA
qWtIpvS-GcYGOq8ahRcPaSwPbBkeGkwAGy6IjD-fS5Rr_UybBWGepYPqYm2Ek00NA4vbWe_D5Im0VGaehMqE7LoYVHLY3Pj6Woi-urog3p01,NA
smLkRIqYUaj-f5skS3TQ--0U-1QyZOOuhV2f11j7N7jj6A6dmb13Lv0bZ_e59PfXQBHsYweI7TxMXC7VXc_ITMCdOXl4tGj0K_QKI0Il72U1,NA
K0qwWjIvV5M005a7fWH9f6VHTX5JDZBVH1r4Yc8kef7vcyfBFPyMYiuYoP50Xl9FTd4YQQaQPhawGyQ8uQCR9HFtjf1Frh72rswZL3NAzl81,NA
6v1vkF-85Ilz7U8HP1JMMTw4W4IOLwth3cIMWu_79WHrkMyVSIn70Ez3iCOuT-9xpgaPPjRGJU46PJCVp4_RUbKctamvj0sA76jmIQLc99o1,NA
GEYFF6hf7X3vzusRJw-WpXBHCYfqbjnzKKmtZDCUfAQXL-mKYn4Al-0GfPk3TCEdls2cE3QbzReDceooKl4MYkYT4JkSSoSBuapyuyriq8s1,NA
MtJwYh3J0zt6_a4ABsnGOBUbI_F499W5Pl6CTM17kl0oEaXl0vLhwVNIlRF-wzM7jAI5Ca9ruHf6AYsEWR0Pv-ErnGJ_NpIBJl1RQ_W_Osk1,NA
BKSwG1mNBjfI8kF6f6VJP9g1e0pEMDJlXKp-mfbQPUg7AhgkrFFCwOK-5qUr2L0Bg8JZciUqBFfBv0SxScwCmX9wsPzA9uxEYRDlVFu4fvk1,NA
KlBTZtwu9f2OFbawr2EsN2oV-WUL2HHgi1iOeI5UhT4_z6MO1o9IhV2BcE9JV1Rtw9QTHdTGrSaeEjxLb8is6NGvBvu7F1sDhe1QhvYWw-Q1,NA
iolcDIptWfLFbMAbLlPhjulW4qxI4xuA-OOO-5pnuLf8BeidSVi2Z-vkiI5YbJWV4YRfBzvkWkotmtOiDeGGlDODDwacISgG772ijFYSIgU1,NA
qp9_SHxUUewsIvnaYYFtFqo2Te4m-d1EJW4XHPIH6sHSI6x4WmnFmJbXTHAApmhwgqLQXeervEsgUnUvmtA7xP6NZbA35XIP3AgPL0fnuEs1,NA
nlWcAg43wo3huNanAk679PRJ_0Vage9yu7cyJrAc-uJh0xw7pOSnMCOz_QdKJgATFtERz6BQVo_gKfczr7aV-cRH5c4zYqv1uU3VuNIZit01,NA
KlBTZtwu9f2OFbawr2EsN1azrhiEVfdzY6JCLHCYimKPydv8Nin9djaIRx2bBDeunRUKeZW8t2eN6l_4pFWT1TDAdIrjwLTMuFoy4e4ZxQc1,NA
zSpTskjff1jOw5ok7X-xqwhCsXhYCF1_fgwOogvEXETFeWKJRe4pPTKLj1UBxxp1RUvi-4jUvIDxb4vlc5t_PxF2VNzqxB4xQOCWSBvmcgs1,NA
WhruBiVRRuwdFL3v1DrEfWXCFLmhsCTrf2y6-3B4JvgnEl-M73JCvV3M6wlVxVlT1lma8uidNWAsscpDyoyKKOMxzmqYwz5pWlBNwzpUvI81,NA
xLzAhMS_69ka_h__-oVz3BthyKukK-SLZAMMuz2B01-eZAfaHh7S7LBxpF3unhJFN6dw7Phm_2iUMQqJyFGgmSJWzaSynOKOGse-zlucVmI1,NA
nunllKuoArisUb6UcU3sg3HBpsHuAyBQlpQgufQxMe6yW1Xa3v1U-JIFphynxmL2yv_z0W2eD022H4i4JPMM6DkBj9KzZnClRoEB2hKmbbA1,NA
Otdm3C1Aiw0_tYDFnUignoRNXu3yEH3s8S_TM4OG-I6jJZHVJA-wsQkMTEz7C-mPytlPbfvweiWZK7XAfCuQLlOAoGtDA0Hb9H2K4FfiGMQ1,NA
nduubHJw78O7DowWMBQgCo_FGsL-t57somne3BRDqMukc-EmO5JX9imueLk2X7Saf3yxhS-yQuNYQph-gpE9LrAR2LQj57pXtJh2pDKqXH41,NA
rfTeBlbkG9HhBNUQTbVaFnmPUYn_iVVnz9Ih-R5aT6sjwgLYxlNofT9-6yJzLpXPZTo-h1gp7DmhP6OVNPGSZllvpNXGV41T-C481Ei_lN81,NA
ge5L25JbXyBuCYacXUUu385QiDHI-uuuk-lk9R28ZEX-SzVHfLkiFoHm6r30NY4vomUyAO5aJrpjd3VHjvjS83zfrJ5ImfRzDX57LkXH4LA1,NA
XsIl5VR705EBW0gd-VVA0XPaoxot48mgoAoT071mpVf3simdrNye3YcD3_whh1KG9lEDJmxBildcIFyDol2UOYeoXJHetN6F7SKeGKXUQAQ1,NA
WqLxzPe_n_8k8la1WHAlXXwcJ_ovBXR2VIdIvgoYCj1GxlVTL816t_FOWEE2pVJ3T-jjj_0WpF-O8y1N5OXFWDb-uxl-9dPZEO5PyuW5Hj41,NA
6JVUw7N9-Uqyqf5QTxywHrB_U1zuTLxu1_TXeHPACTnavwjnd2Iwjbar1K-Fhovm-bM4wVr1dJuVljo0HUGOYgqcfhlyCAoUdhxcM4CRBIc1,NA
WdqYOscdlnFkZYeftAdk0-dgrb7H6fgasJXmttBPTK58XPsXiPUvB_-MxxCKGAWDJ5EZt5tq3aceicwqFNj-CSLkVIbLAifuasCpVUTaYuM1,NA
v0eDFt1N4upFQA7sAYdh-rw3ZJdTvTR-mjLe396WfHFCSsCsKztrT3Nhdog4KDLpioDET3SZyFkOu0wr7lwANrweLindA8GsPowC3hy6BA41,NA
5WrPUjCvA5WYf_iGij5wlNc-Uh97gZv9TXhMU0nzw4Lrp1EvqPxFNbKzwgt3NbJHPfU9nJWKfOjC-zI7dkJwMtDhLsMXysTdUthlJY4CfJ01,NA
HGfu7-e3vxnkPNP0sCraRrco4wWltbUvETxUJLHozljkAxLib3xAyIlKEFoExDJcpaQncpP6NOsRiNJP8WBPqAlP-W5m-AhWrBfvwak-Vkw1,NA
vzo9eUXopxbw4QRzHCueXtWp8yDox6P0PF4-tz1bA0duD8gD38cxUh3C_BoS-D_xGD_qn3FqKndHxe-gKnV9fVYQnf84ZmxIito5LFHXR7Q1,NA
mzSjk3ewKxXwJMOiVc9vv3aph_qqv8fORG-BtQW45iJb7b222S2z23jqlKQt-90e2h2xUPl5OW0L9Tqqdfu5WyvSjkTmk-VmHVVdO-PktTA1,NA
wHiCsF7M07QnYgXUHFi8W1EdOowfMaiaNMQQc_y2ifLF1N1KY5MbR5d1x3hm_FFOB17RBMfVVDnbHRplwuF8tpnRkbv7Ax0kIfaz9E34KJY1,NA
0a2GJqBotK1MxmnWl6UYoCVMa7tGbL3weyEJST1pBys-nU16I384lzyEvPIulYoIweklPnnOA18cS6uedW5GX77zvNy3JmwxfBFOHIm6rtY1,NA
CXtHS0fkFREICQ8r7jeTdxud3VOC6rpv23Qp0mxIAwucOIlNs9JCzHQmkkrsBL19YLMwyFpk3tDYxIHxb7_695PwHELc11AHLlehR7OHC-U1,NA
I1WKVD8LnfUHxHwPh0il326QzHRc6iJcclYCaROszM0rbe0RWZEetlmEIs2xXSG70IGsBFjyIwWfVXzR0TpRCrUs7x_ThgMywwMYkkZ_TYk1,15052
DlkejPEs5JOPJaR3-OPN4anL0vakx3C11Ko7wTBTjJrJhheFNcDX9mDePkYUWiav3YutTysirwHTqwKFb2WRc8GfkOqeQZ8pk3VIZ2jga681,20333
WqLxzPe_n_8k8la1WHAlXQhMGka4iSMAQVU_NRbfCRJgannCWTBBsIsUigc2WC9ZccvadTjfPRvcyKaDLTugrjNKTWlqn_yy1i6Qb6sTi0c1,Ampelmann
JJQpLyuhdBwsmijSYqKeFdQeEfQpZ9ZIeorfg7V1LUMBI2D8wz7uPGPqwfAGljqkWJTW4nGtZF-uwHj5X9SRCMTmpOMRZs4qJUJJIdTGWAo1,AngiBiewer
y4J6HNO1BzUjkqufrsMnnUtqWd6a8gFddDX0_q0N3MrYtl0J2ZxWaGvkVoOdmC2DQtskO4m3Ld-6lGzpn78hzgtB-3qthCe1tFkW0f-wOV81,Angie0663
MW8vZ5K3JDaIq5cscP-kju6dYSCLL3f8C7FqsdK9KhPjE1Gwv8ThzOgQzFMnBAJaU80oFD2mQHXie7ytkzvKOPq-kjqjz3KgklTGxfop1XA1,Angie65
QWcvEMxkiPu6SFpUXtxqBdrqYgUiX94Wix649RjTenxPS1xXkGCAcXGBHWx-h97KbuE7dq04TFgTVSF0ZEbJUCA9PDP918A0izTS9Mxx6H41,Annulen
XOv66KoHldhASt26iHZrAaQYyhQPZnR0mHSUn7Z31i-904WMOJIIk1WwloF_tkUxP6g36qqtqxa3_DVLV6TLFnurTRFmIZXONM58Ytvl5FE1,Arrival
UTQsdsm25Bruw2AqvpLT0jl1bXChRlpRWjNqUGs8kYsU3iGPFDYCE7FRP6pbeiUQUhWymvfmrp_Pdesw1QJLEpXCP8aTBkBGh8cgFC-2xTk1,Batschkapp
McU2HH4-Do_a780JZio_U6iQ702RBCGavn2e0zPWISrY5FG2KRiIt1HuMVMq4KBH6e84_plYFoi84Ex5QHCJs0w4EV8l9VeTGw3PszbN9UA1,Beetley777
mwmzwZkBBI88nAXj98yyfJL_PHSXfIRrpbtqYx03qSAKvjNVpF-HJ3FFt8OsnbKK1dCksTbBQqscUVtYX4NiE4hX6EbLrBg4CJM9qkvXrMI1,bepa
1M9LuyhAi8TpmMF64j7_gcxQ1DNX_Z-Oyp4j5Cx7C7ymrpqRuMG_A3h3sivVoidaP9T8EGz01qE8Tmii0K-AJKuMOdct6EgX030IqmrvFFk1,bertramhacker
0es7lZ09jjMuKyTwCOb8-CC0QRcm7RzXkBp04HEqO8M70PABBbySMnWPf-cR4UeDLYwyt5f4r4DA5bbneAKzt45NA12_fACK-pGf10e6JNU1,bestwern
xO6TPE0qIlE6gmJz9SwMXK2OT4IVxlQqQiIj6Yu_xWOIqphSJWrmNxKrRItXF6nAa3j4YEDirH8R6wM6BUwDXSYFK3umvf3gw7EIr5fKSKk1,Betty
iJZPuxe8FFruCRyI1EeKKSG_Y1I6ER5lwgW1gJoDo_gsuD_s683Fqx4Jrw5PqGkuXt4TkZ4a8KynLgdY4iiQi3WAqEZvF6VB3tH3wdt3D181,blaubeerzuckerwatte
I6R5_1dKxpmOnF2-i1pFzIxc0Bh96QcnhHTDEb31Y8Lu_6KmAtidYKkApM1azq_1sYpQYKnRAywPbizFAYUBBwqD8AtIq4G-NowVC7t6dbA1,BlueBayou
JuqiloKvxdyGUvqC5ucCyXOCUpEzgbVef1HTk-hcW7e3qHYXf0XR2H7xkvM4QNpmWfYBArLuq2y3pC5hFCvzqs60WKpG3rL8FN6CoWZ2WVA1,Bobo33
Fxzjkm0ToCqiozFBM6HfVsX4prv7I0p6w2qGi1jpk7syjPNwyjUQQXlHFHh5pW5l39W9neaWypttr6j25dOVTA69CLWDoOOaPtH-zv8Ox4E1,bonsaisepp
uTSWH8uHnh1PspUYKqDXfnGEiwdDNkKWm0jeCDXgyud9YSYRjyKodhsJVrL1MgG1XBDPfvfiHFMn3kpAZ5UULxkzL7xlg3W4ey20pxO7iZk1,Brownie
bFqhnHGyfcyw5oJQLi_96bY15GJaVeSUw2EEv6h7K4obL9OEOKLxsGGqPCxD1aL1nIHSX16YhwKhQP_kAEQ5ABtZwYLRaFkxJxA0kmAfHNQ1,buddel6
tuPePHYg8VmjPHqlvX62rsf0rpw8FpDX1RvAle-m2ynj2UTgeoTMqe1x2aeZqj3WasMzox3B5qAMhHnXpIFUZHh0s1B-tHpvKyK0QfqB2V01,Cariciry
2PB7Oex45IQqVlt-oh3bR3VU0fkgca9-o6G3X558PwTG420ca5-g3j4Ih5LLnZmQNYjPnF14Kh_tzd2X_NeGMB7t4Ws7x8KY7OedAtqnFKw1,Celina
TznE2KLB1tOUE0oT_TPil6wfO10yXs4Wn0YDJO3-i0azx29LgQeEguE3atnwg4Zeexq0sxN-zb3f-yoWUhL4SjUs271deGBLjlas1P1Lk6s1,chrissi
1M9LuyhAi8TpmMF64j7_gSda3E1X0uNf3_fXXwNNlVt5QqcZoDkJSdTAF32ehblw_2e_JpVaOhjhF9VhdZcxId-uNlkXgYPFaZiwUJ2HKDI1,Chrysler123
kCQ1OKzYDXNRdbYJwp6UrOevwc1NTmVVFiep5GRD_86vPWhicp1Rvs0KRFE6Weufd81QxCZMCFAP6DuEwwJqKtvJkV1_fZ1sfGoQlOvDoSU1,Claus2608
U_wam9prNkdQ6zdi7rl87OipR6_qH5399t8nJmqLNwzGuoiRnx5JQnN11UxIto_DTLeISL3f9LEhltbNBmBemWg4llzsFXfTMOIkWyUbwSM1,Coco
za0lDa7x-mnHd0oWQScBzrB7sNwK_4zpPClXgobRKS6nsdF2k1Sp3Cqs7Uw4hvSyFEmSufvb5yxCzMAhdJvu5TQvld79wpfgadHdkt6o0gY1,Cocos89
Q6a7p02LrBeMZ26VGE7MQLw934pap-LJvnAMDzeZeU1Kd7OssN2MZDFanWR74qNI8wBTzB6JaoP4N3s1zUn08dHvz2YyEWi9GqMYklrdDmw1,Ctes
OzyH-vWm4cxLml8ZQhq5XTCU-5A002S7xnjtgkFkiN4yLXYB4Ob_QtEdFSf9dom-mhsrBd_NUN_pkOwYPz9pPKwmiXuNvKI0EQj3drYMnJE1,Curtis
QWcvEMxkiPu6SFpUXtxqBev-KGuI6G9BNH2elxj2lutByzYnnJ4PajCwXAeBxb3b2gybtPl4HaYM5ydzyXJEfHrZwj6DF7wU4C3TIs-9CyM1,cvamp666
d2rBHJBQ7gorg0RkvkM2M4mx5l4Dz0jP0pyGUHpHPQLQOWoDE8sJt_TEGjXd79BjcVHNhjyboSVMahb1WC1JAB75-hz-G2hIHzb78GIqsXU1,cznz
K0qwWjIvV5M005a7fWH9f_mKeyxqg1AD1bmOqaDbhcUpaJFcHM4A9prwHQO6WdNgEVa3PCzC-K9YBKi-zJodXC6Cthmx9lDol1IIITBlSps1,Dafaju
3TbFV3Ravm59M91qd5IQPfqzm1DFNN71llS-mf4Qb1LSZZW2rvfMvm_rnfKIBGf1L9a6zVfKeevHcRbiVO4FtKYw2PjsNJTc4rg0NNhRfoM1,dallale
1jmqaUTXByAlti2K446_x70o2e4XBLvQCurY4pAUrhfBzrXT2Cf7zBc2guwGBLPHp9_g0OTFM20Y87FsST8Sov-DE0kAyAXW62_rLtFZj-U1,daniela
tpjP4tXaZxNlZF5BlnYMkmjJbR3SmoyOHl0Yx50QSerUDd6wAV2vhdiO6VrQDMNzfwKW88xz9HurTMi8eLOvXzMWqrriNReCWwldoJ-p1Pw1,Dari
mSI3bJ2hdwnruKHDHkuo8eBPxz2GRVE4q9fbikerjf-IICK1308PyEkCCeAx6F52WvcUmJwn1NhhC09Xpg0LxS7Leha13mzsTZMk3tkyIuM1,Davibaer
rFACOhRSruBjxdY4xLPbEMjbWNM5tajY4DDHH51TaO-qT8yeIfkcmgo_OKY9scBrtWtW17Nc4qqevS6QrakVhx_KEr8rkUAIbIuRbKEgsfk1,Denkzwecke
N5M5v0ZsN6l3UiCpm2_iJ9rpGcAOQjxuvfs9PEQ86PYxWb_4mLHIIYaVsknxJFlGn4fBs2fzNia-Ybfb8983o1JKZ-HELFCdtbb7e2FvF0I1,DieJule
c6ylrr-Nhlmx2l78O8gEBewXj8T75-vaCozmU-64pS-jnvhRE_H8xLFMZOZtOeFOsr2E1E3TFPoaZBt3hk0RJlpTJXGl8QgtMy-9Cson6mQ1,dirgni
w6BhL5mAG-CfRiSOfWjBYhChzgxoafaKluyUnXj3GePMvR_uojA3aoJSypvDVxTR3a0u1oNy5imtcH6RfoyD6b9l1tzg0fsFBLdIW3mQXZA1,doro57
47tMc3eEK0WqTyeBfWGsvSXjnYQthA05cVgHB2BIpIvQQlnwyMH5obx21P6GspiSltxRFvYt1B2LpDpng2vbjjL9EffB17C5atum39SCFco1,dudu8
QWcvEMxkiPu6SFpUXtxqBfOYO6UsJK5H0b8Jx32KOhjTGir66mOL5LintDq5eW1j2WLOwI0_Go_Y1pHh7QQSscCpIzydywqvTWxco7maeAU1,Ebersberger
p3fllNT6unmegOmuESgpNLoz0LX08f9Jzn9Ok6sgNEvFQNhr6NYqVKRBPpYpsHTHa_br2VZ4Yhxhc88n09YAgYjUMje37gKXF2lLA1473pk1,Ecki
VcdQNijPAWwpnMJaumqwT487mK_6tr6K67OEmlymyQKQZFMkovhYne4yjpo9OvAXyyHVy5OTGJ09tnVD8DSs3fcmSlmnM1JvB2BX-uF3tiU1,eisblume
IbidRxdm03BQMSsYpqOMtRBh6gio-9xP-7RUXLCTjkVVxMAOz-weGHsgG6uBGwtaA17w3ubgbAnnPaAr6ISCRsIcO76J741w4K6GZyaOmWg1,Elke
g1fgXnvgazfJeKVGpQosBbg2KCqWarRJb4ujQqE759wqBWPQTCfUc9cjIbk8A_NNTJoFr-bIIQtxRIgR14uWH57OCPsGKQ_uEQZJ225sNVw1,Elvis
9bbp9dNldsWyEKml6JF9o4y_fqHtPTuSPderDy73cCaiNBz4n17Y0DA7BSA4y9hkcq44b0XoViKW06DlzE5pgkTr5DqLRYnkBbPLpjdJGco1,Emilybanjo
f3exAy-YJu2fOV9mDavNwyXH4H4Okkw4o6Gx6MWMtGpw95FBU4qdMFcZIeQrsZihcdwZswMBoAI_bBWVelW6QHOTrA0Kr7Jar0qgALTUHhs1,emmi
mJat99aGaX5YVZPzAeX_jdGRJEH198jp9TiPaYe0ELLCxNpkpXcWqOevHUQVsrml87_tnkRuszCNSHGQSWxYkzqlkaS12a2Nkb_QHabOzaI1,Engelchen76
Jxpx0iajev5_GHPjYIH7d970ugP3LfZZ8uPhSyzC10EDrlwZmNC_P5Gnyfwtgt1Yv6bmOGQenCCaMLywWlvGsJA2PYNTFtoITaEq4Xp4dPo1,Estano
Y1-D9_4UOX1SBkGT_jt8kBim3ELtmW2Y2r_IxlZbJk9UOz3jt0kzjpF8JsNwJLxiOAwp8Xy2xLZxFIOxpgvOnULnfKiVNYPMmoyuRSLeSF81,Fanni
7x-LuXBleeNStUcMJjpMVWjUL8q3wCpJMW-oPT2Db9pwj1LKoYEYtg3HpFT5uKJ8QuVKwwoBex1JSCU2_baVMH1jcc9o2u5-ySJ-kBXP5cw1,FeRhe
Fz8E7mq80bppBGRiZWNpIM7ZdarY9vdpWpukm0w-EnKfL74yH85OYuwfcJVMVbwQi8ZNFYxJ8JMWojg2LPWTXFGUq-ItvxXcCMg3yPtcZJs1,Flo
W11Y6l_sLr41cT8RC4BdL-lBw05OTLYAxiRIAhgvmBzqz2NtomWyfwsoY9s72Tx4yg5CdYG84R9G96Et8N09CG2XB58_kQ5HKY87qxolI8U1,fmdalli
jx7IF-xx7zbAyQmjWpayjnS684jNSMKHjcUacZ78MrRP68agna_P_BT8T8k5Xe7kMI06HRPYia15AjNKK5eBC--hdl4jo1mwF8hn9hS53kA1,Franconia
EwmaKccc4-SMJE7aajABb48v1XWnylOEkbDvVxd3hyWXKFZG7E7ddPPe5_9jLcbMmsWWrNhWHPjxH5BOsJYBUyzp1sOgC-hI3YFGIzGBFng1,frevo61
wHiCsF7M07QnYgXUHFi8WwX3UjbB6BPEI_Byj96mdUYZhS_Emu3k4q09dYOKcjE4BNJux8lpz1NKgT-4jy1qTOH_QkKp9lkcmen3MAr5dSM1,Friese
KN-5iXJ_dwVTTXVL1RETasPalimULIAsQL40pT4ZGr2lT92buk5vmDVcgE3jyei7a3HIwgg7AsctbLM_rc-2dHe4_OyOi0BGRZZth28Ihs01,Fuchswerk
C7ydKtaX6cNcz_EqQflWvRRCPQNOw-fi46bKdKztdUURQteMEpXkcNTllCLU7qNGNH0bdhMZrmVU0ay8hu55OmIRhIbBQnXEvRXqaeKUkRE1,Galgoespaniol
mRUx-ml_mN_Nrd9dIJiotTndz0nR274sTQAYFSJmIkTdzY-yxs2rT61qeOatSYFr5LAIoB2uebRIEepN6UBL6TPA9AApaMUzFdzLt5icLao1,hakuri
CPQK3uF5KY6nMgs9oLksclPF3SO4d_ar_40TeZsZ2GQnoCa6tTC3IcUgEBcXu5rNdwNCtXHp11O2Lx3ZHQOcSg-C_tZEWQuUxQuyLYDKUOw1,haralderasimy
rl1Tobqc2v-CRGAVYJg_DdQLlLJq0aYQlKZd4OiIAh3H0_M9ttbjaCYwE0NqA65VzorkTHHyD_Io3lsHDoeqDI4seCmMpTxD5-mZVtlAvro1,hbss
aZUeNxKaBWNaGXK6h8glWszvBh-aIyWS1njzaPDOsyCbAI7Su8ceZ0Y6gHYghMHhAYJ4YbGRWNyfeex0fyj31eg9-xvmXKiEA--5AkCQnSo1,hebaba
iJZPuxe8FFruCRyI1EeKKTfif6W6uZ_MXJw3PTDOyhgMly6IJXOUnhDKXT3NWENr57N_44KdO-PaJM2skLfFWGJLOEcGOMDaYNcFNCRT_Sw1,heideulm
_KG7m4C0UyIO3q-Kcd7oW4czOgHf62692xufGgJ_zjeoZ2tFl4FIePhpXbL5ll3LmctmpWOznAmZYZPfEU_Gl4EV8R9587fdNTyCKs7JvCw1,heidi1949
4_VeXI5pKaNEJ2_0CSjI0hCIVxNE8vJ3PHkGpRsmNTIzatXpIq7pVGZJvMr9WmkQUTzLMuY8L604ARwWbARKp-CMWcJMy4OdJaNJDnyvWts1,Heidi3006
D2t515-7zX8H9d9exvi8O8zwrxWONkSq8foDlKV3hPsBeHSOrK8nczOaUU9_Gm6ZCJSzTr7j7MbuAVYS8N20CG3ry87_pN3Z3BNj1r_J1yM1,Heiko
pX6ekchnCMxvfA--EZ-cY8pTGy5sqcsmjaZGsyI3pPl7qR74wfk4gZIcgYhyKm_RLjS6gZ03nj_1W6Z9lKvBb3nsZVPLMEFxtyBHdE5ZCgc1,HLW
oFKbQ_zddqF9PUQfBdbHQBUE0AXuEMnenvHurCjBusaFO48jfLhPP14UHK9TTHhG2CS4BDPKhxjsfWtpxe2yPnK2Ag8oFOPVxUnFUGjtpxE1,hmkes
zYIIX8ZhGw7dTs0x1lbarfSRiCheB334jKSFkCB4HH1VB0FPVllIZRhMSsmrnRlfmdxcigs-71ENEDIkC4jCa0lqKD9Ce_1dvC6PdMhuIqk1,hmuenchehofe
0btd_eGm_d0eEWUCD_GJCziZ5TthAkDqMtNXTfbHyohYtREo5t4Cr9lh3WvLvSA7HBjWCZQXjZKijZYdfMqzieVDSJjF08H89pE4SphliRI1,Hoge52
JqlX-5yU_vx6ZUY_mBrF7fxeE_vJylCtok4rNJXwmMX89npWZaoj0NTVGn4MAUH7zsryhgoSAwzuZA79bdYW5HUsHk_sGaV0LmbuuuPPl0A1,hoppel77
kUooM85Bj7jjUWCgN8qLNr9g12zNA3rnULVeYmubROVluNCsqk9DViJ_VfqatvsXVbyvaOvjJDs7bXysRstsptosF55Gb2R3Yh5s-pfwGjE1,Hubommer
mBHWPczbxu-WPJu08swjT-6tyWbB8eOyv3ip60T54iIfW1jfjYmpEYULw05wBLo6Vu0c7VqT_eyS_Du6QC5ZEMDB4ueRfdl2oBk4757F9wE1,humblebie
AsS30OI7UA7-lJZPEhhctAOJnUpjP0ifM3aZInIx7EA61xDzLx9gUhqt1MZTYF3EE6RJm580ZZmzA-SzpgKHSK3lmur6908IKjCklwl7v-o1,Hurzenhugo
tmwPy0KqtIjwSug6hRhKMTPL0MZS8JmxzdTPLvr-Py-tjCdS2ifo0kPpy8zohfQWok93jAgMR4SEwEYXcoI4jlK0Dih04_eh2JsNXY3gM2M1,huskie07
cu8kPKp5NgNjwRXUFU2mIWo0UBNRGArDA6TA9qLGysyTGbn1xuTtk4ZUkOjXkNIdsf3bXBgGDMVETKtgsVzbZ7A7x57r7hubhSXP5M2bcTo1,Ina
s4H1owKLHYthwIdgknTxDF5CsutAr7eVKOhvzYnkrZgqeFNUR-xT-c5aCv9bPnTG7SgecvMmEvmHvOuO2atZpDYr636OLUkJud3czr1fzcU1,infowilly
_UB1LuvDeV-vF3fTTR8GnbYTa5hEShPVF-0l8qJO2YLWBXo2e4mYOZTfLhKQqp1Q40_kHvzmJJRmIJhJOYjQm9yTPnSgUkma02hStpDP58U1,Innafalk
DjqSpvE7MG5QFMc6nFdhNsEcTVB1Kw1tahsGgrbc3me1AJUvpRT-CBMG1Y7PIeYCvsELr80OSZT2wKGe4UFRbdQ1xl5RaGqJ1SoQfhhuMbk1,irka65
WZ2Z7qyrbhTR9LdMZmv4HIYzQrZcepeFF_RaDGJmweRLeeRi9oWjHD4_Uw_OluNXyr8_Uim0-SmY6YZMn71tCrCqeEatwRXJBhVSQZGwdOs1,jagger
tFmo5T35l6NvpAUf4No6jbz2JA_Yju0pHPIWIdtG-HsnXyyD2v4EmotM6O3xvfZleGs3MNCOwvlHyyzAjmkCw9Yg9wW49jYIEI7beQWa8_k1,Jakob
Yu1gnOsD95TC5hZIBoijjHb_-YKlLaP6JLBZ3EPXvTY66JNlTi4Dsk5wRM6tBGxDBvYNpGYV37Ga-AFxwPyugeP1xyq12pmErgzNoxdrBoA1,Janne
kcz4W5liEWJsotlRmqipMcnLMSn-i-7y4pWiMZ-fRljKvAGLmcrjOjDel_Vz3d8Q9vm2eT12AW_mypgyvaWZi46mZ5-R3Wk2PwMYVVijfdQ1,Jassy
9bbp9dNldsWyEKml6JF9o2aagY3avmgnIvrHjo1FnJaBuH9ESaCfHO1-CjBpuV61-gBz4j4IvJ7tVfmRXkLs__wqAp9mcG60swRjdbqKOa81,JimNashe
jxnLfEjfaPH2ffq0AzkU31xX3fJaMI_NqINbTU2AO7sEn40VnlVv63hUYDirMhT7RrbIvVqrQdTe6bcQuJmMocZhwoDW55PYamUxFkqhNdo1,jkinateder
_0QF7GIgg2htfR4W9UIa9fJz62EEg4Kf9T1QQ88BtvbSexIKZlJH-cZce3xRDFn8gD1UpQQ335bvGklXCcn0Pv92BZlIxpBdO7K669WS2Q01,JNBA
6KleSIeSFW5obkXurvfWSUtHfQHUz-feOD_NgOnz_t_CHInjrFoxlB-zP8JSKx8M5os0tpro_-UZFbQo9f1gh99zvoEgCLsSFCTk5ui98g81,Joerg
4LPocOESJRlcrtSZX0J23E_g8RNNtPfsL_gg81PaelKJsybH8-eRL5JbQ_S_-Vjft4ehFjLYnmq1bYwST6n7M5Fg-WduUJCIBjTay9WiPUc1,Joern
ejLeNx19uCrkO1ZP-LkOzJv8KLuCIZsV0mKMcQ0E1E8zk6lSkoz160YboBbs4KnPxLHR4VUxmdFbGpTsPDgl2-9gKDM2ypSpypD_vCksWA01,Johann13
EAvPhzCbZmzU4dkpO48bN4KLc7FCnI9sojkzwJKrKI0uXIK0JISrAETHoCyQsbMQ0YbcpnJAbAkbNFpylFXAAb54_3OMq2Cf5mxg_NXvsrg1,joshi
oxlTg8cQSaMr2aArULamrbqAT_1ZDVeQ7NfenZ5V5eM0nGkPjPHawuP4Mxc3z0TKI39cRyE8SvvoVuLz81T2XvQONg_xaAsNbdPz_GLUPTk1,jurein
bHP9beZbsUT63AJZZT-fD4cYc7RIYf-Y8MgxXVAzABxV00hOw2q6X4lTswMa2nXj4Mp6UKGfrGODxNKGVSyod0_LUPGcWbarL4f6Lz4Rg281,kalle
5Ig_W70dmJW8QK4g87qPdAFAy6X6erJDCSY2h4UP8ddun7K8ky2qbLtlMoBgcDb5fZyFix0W8w-RHKnLDOFFtB9ZAWtgaj6YllZdePXJa_01,karina64
iu86ZxvDRm767oK2J8H_K6Z6FCmdNbUaqMl9vGjrZb5SgJCoo24rNgSGCuJmNqsiztztECzDHy5NCFZuas_c5hOLeKZiY_1DDpB1nbG6hhc1,Kathrin
_UB1LuvDeV-vF3fTTR8GnTtwAHz2DxtP5jiJCgBqxHsheS-crPT0T67P32YrPDoJmfxGE3uhC4_VujAEoYOEf4d0WWT5YRmPfcUmAOVFKFo1,kawafranz
tmN0AtszuQ5O7aqtUsCGSAujcUeGEmCcowHWsH61cD5eIgFyNHvtX4BqYz5rJ93S3YQuA5jfo00wPH5s2xg7d8jZOpDYfCkZ_JzW0oKUKdA1,Kay
GE7qwk7NNpWPZgGNV7bQzlfanfpsZvSt1-Vyo_9abE8juyUiiOVD7gIjVvtwAnoJhhO3nCvKnYDV9f0qHzpavJp8mWY67qVworJgcYQH3mg1,kikisworld
tebHVQ4NhaOpEUzI3jawqKpvQ7a0lIevPU46pzN1saf1vXGnWlnKYPBcLIa3XWGru3L3FWYgp-AJSAvKX3nhyoOHVhCrLTeObfOTUxLqc6E1,Kimi
7x-LuXBleeNStUcMJjpMVeCG1WdGQUd-rcCBYeAjk31baP72kMWQckOZHNSTziS0xj5UlUAE7wj-cmrdaorIoNhVPEG-qtsIcVBfVMO17aE1,Kimyagunn
wHiCsF7M07QnYgXUHFi8W5JAyqvRHSTcmyOXF8mWUJ74swIpqyQTI4CJtgqD6B50KmHUQMpfli0iOdPl-tKhSfuiPayOBxmOyB_WByOvqMw1,Kirka22
gruk8F4QED6EUnKiNVaT1icz2soWInwyC4lfbCLB4dYl1HATEHJDUJo9Q1v33196NqJN3Wv03KahBT4YQJ7URH5vnh1vR475AGpLs0arSjw1,klarasia
wn50HK6YdcAGCXdLwUnnDr7rhwMcxnYLSbbnUqe0B70ke06iLMDL7RZbQb2kEoTjU7SYVQB6oXt2BnYyZ9Kl_Zyu5qEXf9OJvn8y-QSF8ho1,Knipser
JOvzxKFnqVd7jB0RPCx4o2DL0GmEP8xPyKu6P_cL6ZF3aHJg9TN3AbTWYOw-KYIhFx06LimYIP6yS4PEZeTl09VosInLNBuq8lTETle0UIE1,Konstanze
9bbp9dNldsWyEKml6JF9o6VHXd9BUVjJsq410V4tDGTsQY_0BpQSTJ2Kd-DcuU-VLJ2HpZH8VAf_JFCjZrmC084242rWPNRQbrcNE6ZQfYA1,Konsti
gruk8F4QED6EUnKiNVaT1qbhJK7LgULvRruswSyYJYQzZPoIkhF5Pnw7c_Wpos1zlq1A_9bny2CJDRcoqWK2A4fBhyst8LNsZuaqHtihN9I1,KorakS
eqPu5mtP7j1zyutedZm-1F24py5nAurzH2-KO63WFWDRWnlbJYnp5a3RxMjYKBLgXeIaHwzZOSnckpp7Gi8spiIlb86YOzzSOHOvZSWU0Fk1,Krereg
XGZ7zEDdElNTMeEpIOZ12dE_Umt3KrsZ940kWeSpauV0_sL0AUiCZh8AUV2qKZIX9Xhn5Bw2YjRlNWKFv2oCk51nDkUoQk7cFdfGOtuU_WQ1,Krumel
drGAzTcn-Gw1vjVoyYQNMzWKZbo7TiIlXd4PLCOIGyaIMGFm1-bsI8BOEiUX4vOmDgWUYZ3fGMTpJIq3APzbZY-lCMR-5g6v2dIplJJX3Kc1,Kulturfrau
rAzsmlNqVOK_SB_7e7FKhC-bkFsskDvMhWaqdedq-8SUqpboE90J35KDN4t8EHcX61NWz4w1BECAondZCF1Zpk1a7tuY_EdQmLhqN3Yifyk1,lavendel03
oIbnDPO1hpw3WdnZ5KTV6-iEaUO1hqUtEbGluFvrtsPvlwpOCdDRN0BNNAovROC0yklsS3sQ_vTs1J7OvSWWENNFIEKVnKkAQRLdjY4mcbM1,Lea
0wgGAG-GoTnRjrEN28W_7Gugmsmn2Uor80dzPjtTQxXBmLDcyYYtWDDehKT4JANt89gLpey__q8XhtG5uP5Yap8uGlwBoU4Z0U0okTWoOiM1,leuchte475
RPwhhcNTNYZe17esaVI4DsyDZ4J8NckGtKFdRvmYzMefBKUsWp22N-wv2ZV5X8vAHf8-_sLZ_pU7aJtpVfZqD3VHytniJmFFPj6LQv1FvYE1,LiliRush
Mk2e9GIKPHCpOp5O18v-OB-gDTA90C7nIuD-z1mKS6Sq2_0mcGcW0Cj_NJON1HLV5thubYuo5V_VG3-BYBHaBUSZTa2Ou1h1GgraNC6G3Sc1,Lolo
U_wam9prNkdQ6zdi7rl87H8oCGEvUtlqO6bwzxvvsQFCmATflvQxiZbS_yui1oZ-0aczsr8wmy1tAtZm8dNcm-NQWtMMKyTO1sC2pT3gp6Q1,LOTGER
VirwR86OZhkNDq3jOZFMKnDFmEqRTzuZkWuXzpC0WBTZQ58sr-YEA66N2a3DoxBo9sTTexh2taZv5yCqnGmvvhWtB-MlBhAniyK13zPc4o41,M1991
ZhLsMizsTTZPsTheUJQ9ifOthgQEAnWYd-kj5O9Uq7b0JT5TCxqbiKc48kycU9y6jieAUsKn1vG3XzN6tFjDa1MOgTmGjfkAppyDMVM4HFI1,MACKESTAR
MenEOc4CCG2el1ffVuR6AuR-1TThehNdjMQydqjEOxaNf2Vt4azrzn41rKEb9YdMwQJi3WG99FrIj_zOxqzxq8gQlnh1tenDh-A-HGDqFu01,maks1991
v4Sen81-QUk7jGlf12_6R18ksmoE64in9wP54AATXFlj00spyIlVZzQDZ-3W79G3mhrQ2PHBZzbTlqi_vaTSRZuFtGVLgCtf6p2FAkkCims1,MaLo
y4J6HNO1BzUjkqufrsMnnV3g_tvyX-vIGY7kwCFPo6MU6e-IEeoQN3XMgO0jor7bQeI0fiUnpcOShFsGfa4kiYVizxIcClLNuVsS3HHm5DY1,malte
H_gzVqQf8xAKKGZUDHAjXUOf0ZsBbkC5_Y-qLJm7OZNf7AbuZAsYze-sPltudHqRFl7Ue1vsngFoKpM4JPEQU92vaW0vppBeuh-z9kABiy41,Mandy
H3k77yviZQ5fTBntX0EaR8bwaEn9tHBX99cw_V0JGDLh5OUUgxXaZKclOukeuMb93FDOegsbd_F6ZtGpHkgzV0cJn69j4vEClYiIxJ1I29A1,Mannheimer
nduubHJw78O7DowWMBQgCgsDI1hemqQVxaBtQX-Dokq9gFsQxvfheRFjNhvj5G3pHTlixg_0lw0QlTd6GFjIJ7Q7JZWzOZ8EeTNSQsGiV0c1,marbra
S-tQPmpzxFanyD3dmtCVsgezK_iQgIt5FhklaHaj_qoZYxRWTKBkHCuLA7SstRGhbVi5G9dISBLkAtjSHmKM-IFFTsrQPIMXm72RdUTGnvw1,Marco
7x-LuXBleeNStUcMJjpMVaf_en336a4OaN6hjPgz1ZsgOTxv20QHiZ2ChGFYuQsacCI75QmAiXhpGjUXSj5EZ3SwmYRZKhDDOPawfdq2chc1,MarCos
KawMCCpAJ_bPXMcFwMrH7a46Rie4yrBjN6naXhuWv8b4WFRaJcfwSCvwwXhORocM-m_VWQ2cPdxA_zDfmb9FppJVsaFURLZq_aotefkZwuo1,Matze
UiC410zYqAc9b2RgDln-ORje3S_ebP5GMjyTo0Tg4sW2bChxA_o7MAj1wzaWnqnU3h1SB8_WQXvA3bfsDdSx1K7ZMVPoVPuzrtflj4mcad41,Maxim
NvAa7FwjaX1Wl0SZh9qao8VcOhzIemkChEVCWM0yRRDhnRZLov4yWdvwoeTE9scatMtqA1Z5vvaFUocmKFXGOR26h26oqo0EAAtDsRKLEzk1,MaximusG
QOltOG_R4hbwPkcgiKpFos9K9S0CMiD3ocysC4oxQh630t0MeNmw5JOeGRoaxKjMrjqzvlGJfDb8IK6GIn1ysa-A5Todnx-6P7JCVSHsKVg1,mcpib
XNgD-1TOONTDEdODR3FlFEVr8hOfrDOZdFagU3xa8K3f1eC5YqXdom-qJqgRu5_RP9yFbxhNPIbzGs1hz7IC_59w0EcTXLqrnk2cM3IpkSw1,medinazwo
BteVUZCoOTDCktq1kS77pg1gHxXVc0mx2W28z3nfQMgUOxjGoYBszhaYZjhpwLG92df_Q9IJPJJ8_lXhJUB0U3KKn-R_gg7XPKcGXIE4KYc1,mejupa
MenEOc4CCG2el1ffVuR6AjJWt2Mkl3pvDddZvuidIm0UqS89rdzxwjKo2mkLNgBKMB2SU_GT7Trm5PvS1RCYITm0PBtoErkaxpWzFuz_9F81,Melinova
Zbp7PTAWsIgh3r_8qFlV8NBAZctXg1MsX0BggXDt3EssuMSbrvO3Xr-oQ6mu-VK0eVOM0HPvoGQcis6CVXZSKB2cR52OdgWIl89y5ENjF4Y1,menzi82
f3exAy-YJu2fOV9mDavNwzrBPJyTWSEwVwjyqD2oO2HWeNEvzyiVQh3gnYawovZS8atgDzkhrhzyZtvDpm8jN2WOCvRnAutnk9TgEsqJy2k1,meow305
uvftVb9hNUYl-S-Y3Qa3-4tuW7o5CQRQ55lm_9Yqda4KWDBWW3l24B2Jb32UMIbu5ylXCoC10VMvl8WG91FboHvl3CxAfC3cvuU0_Gd-bxw1,miami
n5T-B6kf22lJckU8rT4u1A4Kq32ekCjxlyO1XkHY3M8M3fg9R7nGYx2vEsJkrvkkOc4hd_RzDwMvqFkF0F3W-MADrsSrluJN6EDNNOn63s81,milli
4ejqC18-P6zmR7WeR2BN5v6rB8wKHV9WZXzV4kIhbxEUHioPlCWNFmeozgiAoLdjitiSdQO9iML3oFE_PrAbFt38B8nqLmvtNzZweQHoIGU1,Miss69
8NN-hizRigfXcD4upNmV-4x3Se8pNLFZcyl746ACYcViHRwNhScavFhGc9ryyPldqRdF0buOh2VzyzlBYUomPMvHlBEXMxjAYwvX-sidcPc1,MissChokola
UsX-jeO9wkdzPa0SWmAmIJXH-aBngRIplFD54NMEzClXDSLnCQ7l20IHZOBg4GvyPkKAXMSN3_OBdohC2MXIT8P_8OPr_pgc4db5ErRbq_k1,miting1
HGGHWKCOI4JYfgIiuuZ-cmiZnZKAYlvXviJaMiEr182VN970ul5XsaeEaIb2njfi1gw6uw_SBVgfK0HoWsKR1vL5VdlZ38QqmCTGd56QsDU1,Mo03
ibTE2mafLKtXOTZccH-NFnKyxvrqsqMAL31S8WwWQqLK8dxMw39FRzs25ShV4RSzGTFVblcpZF6XEt_prn0dziqI896kDQgXwXZn520pMjU1,Moimeme
jRmKem7CVmEesoXv8rVdzFduKax4LiWIxbwqbuAmIgkTvLpKQzrUgFQ9dRCpdhgMJHUeGB2PGakRhMaUaCirVghJI4lRwy-S7QRsRH63ScM1,momo
4nyiC-JcYSqlWWrqm2veBbQc0QesJ6OQ13yunl9bSrSke4vC2rwV7ZkI6AVT3LAv1psW-wrrOHL__MKQF0XVmwsh73laW5dJG3OalHo4RdM1,Mona
mJat99aGaX5YVZPzAeX_jR6_O8ZuX2ySSBJVlItIWAg6AYTbJQ251Xoih_-Qyo8GJtS-FA922zWpJrxBgoeL8vZv4uaDj4ceFv5UEsIi6FI1,Mona99
bHP9beZbsUT63AJZZT-fD-ZyOTBj0P3y_TgI8zHOptpl5xP3NjIK14CLCjzPZlDqW8Awja98W4g0wvVDvQQuRyS-b9SsEiKovkytNFmg9aA1,Monika.1983
A_ZWIctxggOJMKWKoHlHgSWvscFgeFHWH7WxBzg95OqF0mAakp3aIFBLpwKNGBg6LpRmVUjDcwtEUh6mZY6gUKSBFtYXRsJz2mGqK7_gqJk1,mrosengarth
6jFV8t7Ste3EmvGH2TPQmhUgRS936vlSdMamhZGIKgNHuSBbWmrElHogbZs202QcD-HRGCTDT21pb6qneEF520qnsW6RNP6kAmuB57_6xac1,Mrs
iIYBhfMqXP2BtWrSohD_fBEIKj09cDG_fOO_hBsgW_7zFEOCVPaW3UCmm2IKchyEwwBQtT2GTJGHQ_TOzryvKhIylWkUWF3wJwNPFE71L101,Mucki
xq8gK5j-Ljb2HVVYJpx7Sx4L44SoyYICqXeZeYppsL3-I5p9mHTtYj3gfDquHX0YhRsaDd4NR5MKRPn1ClLf3bwJTO4l2n78a4y-9_T9riM1,Murmel21
rctm4ypvMAWy2oFvmiNraqwxz-qwnXYL1p2hCuDitux44vb9BD_c7L6oHmhIJtFvJWodakejJjvFEZkjgxEUjg5ddeYXnEmVn19yEsu_6zI1,Mustco
e11lzHBa6jR4z-kvMGifFHKfjet0ZkvXfUEeQUGn2YBo44OPbYuLFjeidkrgdHBVmTYWOsWKZ2w2YgbeZ91_kIrfPmTkBMKTb5X7uCJavAk1,Nachtsmond
_6NvgM6TVWdvFjO4yy1Sa-DuOOGdScrv2cev0wt1oSnA2TW3lMwPW1ww3Tt5Dowpw5qQxtmV3wkxS_4jttqMyO3hdB069KEGpBxKbLSbvJk1,Nalan
SXdP8nOVR7TwWRwU6uaQDYpc5Ls0h-RxcaDxHlpu9JoR16nMuDYOCQMpiQNzHX5PNstS3lKD6uB_4QsiUbnZJu8Nw_xi_43zj4WRDX4CIPs1,Need
oEXWAnYxCTnxUfa5VqpEGN9ZaFyN5IsYvF4b0rBXaOI8V8wvxKypZKiNd6YkJlf9148f5bfWf0irrLOzpf6cwwsESv9YVHUpzzPu0bpm_Vg1,nene
VL20wFhB3Qm3pPso9PclJZiiElx-W8h7o4nIlHrU9hnjsUJ5tx4w1n_yiAedAL6MQk3-22SF4rPS24Ri-_VejaZRSLXGs2QGxArOHoPiJ5Q1,nevada
tfAF27M78YnbFRZeQJXsG47MawDStufttEWjIGvad2V_mjBmQTw1lkCLPahL7KW43hptJ2m42yENdViSl8YQ4hlV-LNCJR70wTiHrtwm2IA1,Nicki
xO6TPE0qIlE6gmJz9SwMXLshGi2umiBhFSPK7WTk7tLe0HJADJS0i8pMTztZnY5Y4MUhujzqNteSmpZ-u2J8g_8wFPRYSvbwvW2b8zVdTw41,Nicole
QqJu2IyeS-qVPrqEtK2_9yDbiNu4FVtEe9GRFbi7jdpIy3U0IN_r6VA7uUWavq8nON-IGWLnbsiUC-WD_U6wUNM3JNYM7d4rw_pGBS7FAlg1,nicolehh
TL3o0DEjh5_Oh5iB5YQivkXB97e1yhGXKDPYlcY6vBlTDO_UoO4l6Xy1whWVdEk6i-hJXe-FGJ6ABZYioqj29RQIybbhYdC9ttovlhIm4LE1,Niki
UTQsdsm25Bruw2AqvpLT0uITfihvhIVh3sVE0zXBmV5qG_IO37SKCUnFv9rhbxnjNDquv7BZ6uxzEWEvnv8slfthrQT4cApFrLTfU6s-smI1,Nin
7p8cb1Tt9uE57Ne3S-rUzt9he-V654Lkir_5mttPHBhvhDoY0xa98XYZ9xAaOJHm1AzDgSqXK7XVmFQZRLujMsE5gLlVxV53kubZn5p7b_I1,Noodles
EwmaKccc4-SMJE7aajABbxIrd-PL9JSwme_IiYC1Lex9Wap_nigQ4FHkoC8I7lgwrwxFHMIGrqhRKfh5rNtV9ecjojfmW_pji2HHBt9r1Zg1,NY911
uYO_RSxiQ4Gpx9Xg4ZdCvJmNboDKxv2s3qVkJXcMmiaaFUhoc-MVSYCjTF8_w2bOJzs4NI73ThPvw9WtKb7jBrEZqg-6Ihhcl5_27EmTCDA1,ole65
qmhNkjbhNrqguVzIfwLHD_5BK20Ba6_JXWRf40TNzT-BW63ppBpdZYVDQVjK-6PoK_ITsBe7BBkm6cFJ8XgM2o55vKyhzvWxbCM0Yp8UkDs1,optimist09
QyiT3iA3HV2ON4ozFrQi6m1SVU_yNYBkMn1UDbcZVYhoDF63CtLHPC7tXEAjPOuau_DU5PykfkYopnLgSZuO2hLL31M7oxM7skp_mWXJU_Y1,Osmanhd93
dhnMLpvuhs29pVuT3QLAO-XLO7Z2B4CJxa252MR4ooarR7hZsIzTc5Xo9hNSVVCmHrsN7WtxwQ3ICJa_LNIlBC7Q1dk4uHe07VusOGbhfvk1,Pabi
CYv-qKSr6r6qBx5yT7pDBBYw4G6C85n_nsuf0Cte_R3ZGFXIL4yc0JZF0kJRLHob6epP1x4HUfxfMjS18IsHVJo42itReOX6ND6WnH1ZFDs1,Patrick
uhk1YD8LM2TfXG4PLx2wCoRncOvKQt72GK_8St2B7q3rsB8rky3l8qBMw-ZgDhk5xyA7YGXH35FtNss_9PyPpBkbIx_2c6mFlU8_Qp-p9tY1,Pe007pper
lpbqQ_GSILG_8Sv5HVv_omHQM0VKBLy__WlXCnvlJpIraB1RN6A7tKIRBtH0fbYRJDBwiZJXtRkNwg-lWFcD5V13DYu2dnH2xeDj5SS7sng1,pege
iWz24TF0ewX27N1maIVAd_gNKthu3URmfr_5d1aYWt7AEywhr9HiCvUOcdbZW4J0Iy-zZPBiE0PA4_vPTEXET14RCO7dK1v4Vv9zmabfAzs1,Peter1942
5WrPUjCvA5WYf_iGij5wlPmTqxfOliMutipMBc4ovN4IRCSxIkobyR-mD1LUdUVFEUVafQ1w35JfNOPJhoatCrFj-FOmOgUZR9mlCHgp0Gs1,Petra
Fx6j8DVCCO8VKun5YUVtlZJFBZiPvfwb2fFuLUfsFq4DLs0W0Knq9508--DrPqlKyq6o4MrZQj8trZ59F5mfFVXXOXBSyc7CnrbA8yhsvvw1,pfeile
8b7fQ4XLKT_hYXNdtdncSQXMB2PdFlg-W_UHGyDqPn_F9yL3VxkPNQjznSt5k06Jk-N4HL2GVwtK9nM1Evmxpy0k7eO8QoQFGjmAN1V0-yE1,Pirol01
OfYe0QDLXI-FdPCcgCk5eAyhlMMmgUxeIzvcr2ac7fgi0casL-fCy4HMogSzzJWjtgJNaiGLlDMXXGNaiSIez9cP8wz5SoOfOK1SOncUztU1,PTEulenspiegel
-g8iKndC8qXSI81scnGk5YwseuTRw52_udSJOcqHfTJ94YvrQOhU90S-7g3-pp1ktwZg7mJldvhUdkjmJIxTm_DgFKG04ajBCB54gGLVqtk1,Realitaet
y8T9JCi7zI7dSUl5B10_8UVy6ubWzbZMM6B2qHfNY-uf306YCDQR7iSF6wHe_KgiKByQMkJxiAJFanFRFMpxSF2LdyIbTbtt0Z8HX7tBb2c1,Rentnerin
ew9rtpIL4uc-6U8VVCpd9gy08IErcMHmpUxSq6wN7haWDuDSw1x3fQv-CeYmity5IJX4WpwQ6isX1L8Qry39tohVtbYt2yCFHnKiY1mfQBM1,Rocky
WNd2xKXVNsIVyVh1GkVyz23ZxK429tvvcwQg92r4jV7R7ZIiI3Yrdk2ksUBUfhe9A0SQMJSTXzJ1ReUNY4WwPRe-HdHVp0bYrZMXA4eqxM01,Roland
ibTE2mafLKtXOTZccH-NFnv9bPjGJqYewcCg7QOXamHl7wExSkJpYFnXB2dlrMMpFA4pehkUyvvpLX0CgVMFee76Y9UHstybH3Tbb-HBwFQ1,romawu
LBj_R3zr8Au4k9jSA6gCrcIIvVndVepYY7XnOis3wQkqloevXewXPQXckT7tyj5X26wj35PmBTcmRz5t5kymt8ifCD_YWVqsUW1hhQ-S9tc1,Roxy
Yo0kmXcmDDMNDbFZ-FKqhaOQkNXMopmkkPZb4UqBifcesNd1ULl4ssDD_Ei8g-yfM2XdX5v9pcDQHnxkthA44V3ZxPkgS5LnXWydtXMlSVU1,ruberall (=Tourismusexperte)
xq8gK5j-Ljb2HVVYJpx7S1cXxTThFlfvs2fm3J4oPCQEHmdbRea_QlVUZesUdFLewj2zkJJlHXWnG6dQEWSFsIFmE9N0y93MyuVJX8901x01,rudi
oVBZuL-9hts6yJQs_QNn6hPdeHgvysTb61SGcRmk4ACSnD8GxMBXV6pw7xD8zTnPQQGw92-C_wI_NDO_pl7_wsYxDUe-X_eWJwx7GvYHcDs1,rumpelheinrich
7aZjdpQ58pP2vZtieo9ZUFCnIBDZ0UxRGREdZFx4IyrklN8HrJxGNk_9EQsbaVjrynjz12pzSpxUTMvQv_JOVKwKxs7xgKYUGiw_6EaB_JU1,Ruth
8b7fQ4XLKT_hYXNdtdncSQhQECR1YdUCbe6e7njXCGFGEYRU4ftXrK2VcMo0kxmALlrqmlJFCr1dSRDbvsIZNuVdvlsrPfkUWUMIO0_YsLg1,rwagner2
mBHWPczbxu-WPJu08swjTwzTXUZLiW0J1GVzHYtNFVBXM40NGQw2hItHyax7gQ_sj5zJPvzWvHQVwCSXOyJk4xCY6wQYSwRLHyGCirLFYRc1,SAchse54
7HEXVnRj_Noz0logP83vjGQsklOsTTTmTv-a2rP0kLVvcKBtzXeGUR9DIP-p3pQSm1OxmuPLe4pIx1o4nj8JMKBxtKWVvC077uVX3thWlsM1,Saja
Iz7JM3SWpkIFsvzW2MgxJ_gtrIfwLXZASuW2HV5gqeQx0D5QE3cWAcipwmYTQUVDApfTvXxwXa5az3VrJT7V1KI0FvM9_TDBgY6xRd7Xl6o1,Sarah
K2wskjtTLKl7FEi5pkOR181n4-YIpcGtIsVLGHQKtxufBjCw8pMd3fwf9Jzx24coJ1rpPtfTChuDzwVgfj39q7DPtYenrSV5Ab_RH_wPNWs1,saschathurm
VpQGPSeDQ-y8i7nrESTYJ8BQ1G6vQdiMLpqAIf8pVmAGGqKAonlIypS04owbxCH-x6ZZCKc82bPkhtICIhx1OL0EpZ65EaMQKeZgB0Qx4bg1,sb_hh93
iolcDIptWfLFbMAbLlPhjr8FHkGrUyWwa6tbfoXMJ8nAX7nbQ7G3999YTm9zUTehCn4f7Pokc7WmTJgwGFguID7KF2s8T46DsmCdT5m7cAM1,schalkerin13
iJZPuxe8FFruCRyI1EeKKUgPkDGo1Ffq5E6P5kBpQCRAxH4Yp-gqLSSEaaMguk3iEEwDdJQwfCPn2MT54GyfvMH7f1san-GMOhtREbtEBjA1,Schimi
ahD9QP7XgwOFVeaQg1xWNARptc2otSnOEd7udGl6tC7AB39DrorjZZt1dyyPt8gpTNrO2jTGqcpguyUKvatPWtGuvpJH6ep_HivqmY6B6fc1,Schokoo
X8Y5j1h2mebeM9uQYtLcgDOGVwKxgOx5Y5ezR3KlZMbCcMWTDTbkd9YDfijGWVEtQ66t0MGn5mUYJ5ko3O9CDNutXYIe82cfgzTVtMroMZg1,schwanenfamilie23
1e6TjUg2DK29kpQZZnrMoGbIEgp1z6oYlIADyf1MUI1we22BVRM6yat3oHSdydgxz-QjurOskzJ4ksjnN8PXXnqS8EqMBHxmG_REEigsY_A1,Sevoo
xhdvZPMvrwy6uEhVbjDVmVf_hfv0-IQFGHMLqgNrCJyiFHM7DwRIuOFy0Vk8fcR-A7iGkmDzsuS2t20MnsdGmBKWSGhxpI15KEvd8QqmO9E1,SilkeM
QE94RaHZz69QD3OwSgGJCMewezZmpsUY184cwb9PateisWqteGC1UUV--2QxBkWYbCsiCTLpHGtsLDm9MSCkf3dd3G-v0T7vA5m8__mQhs41,Silverlupo
36xTu442HlYoIlXO3e-vC87OJF9kF_xMYW8chXiDde36GhFU7L6WIKQ4Qm-w753HzF4e4pXOQPIlngl6BuXczcJZUw0gOBwrxc-3HcuRSsA1,SimbasFrauchen
e11lzHBa6jR4z-kvMGifFChvlskCx-G-RRCWMjh07hGZqBz2f7WC_dEdBNoJbBuoGPkcnopuEnjZUpkem3xmKePTSCQC54XLSPT2rOzdt301,snoui
uvftVb9hNUYl-S-Y3Qa3-wL6NnwAaZ-kcZd9rjC8S_rlgzTdf42esx1LqFb611WLPkKkQ45Zs57F2QYpxke-orwEP7-Jy3zZoDLXeHfNs2c1,Snow
9xiwuwfxIx9G6dZ6dKBiPcn3Y3pMiY40wvAQbQQptvaQFPnwfj7BAKZd0ISQrm4YXZ2gzAwR3FpEYJq3kG8AF5bIfSBrTbkADa9EE4uCtrQ1,Snowflake0815
vvoQLqBankcYRmYes8sFcL7Kskx2SlGahFJ-TzclpL2zaUWwpmOXZL3jh3K5NRvcTh6yQUICsTWBxZJzuNL5UVNdJi-mVBV_V2kEl8S_vlk1,soden12
v4Sen81-QUk7jGlf12_6R5jk_Hqnap-vGDVKNq6VuC1-JThz8Yq3YxtIHMcroSdKKV_M0NL0lqKG7mTbwxwTfzZ5Y-_dahQunmYPPm51nrY1,Sonja
gziFMPzM9pH1UgbSURc0LNVyYFYXRMifnNuY1QUe0HkNShnIGz6_Z_U6vT7JQ1qwX80tQ9xjIXJc4WqQa-k-2wdqaX4DMZ-AgoyAxc30FZc1,Startaenzer
f3exAy-YJu2fOV9mDavNwy22vtnvjJLlEYb7akc9gRAR-LDM6IC7QHqQLCeFpLEWRiGplsEC6b4_rY8ehhmpfHO5wTBDfsW6IRAs4C3Sd4o1,Steffen
qp9_SHxUUewsIvnaYYFtFmMBlh7T_5w9HvXF2PZx0eYRho7AEitU5sc-wViCYZg8dcXnWupVlQkq9ampqvIj-Ul1qqmdJTmFXW8QF2XtgQ81,Steve
iKRx2EaNS1H3OdAteU34OrsPxSdV1RQ4ea7tOdy6LM5ZDIBbwgtB4e5iHr9N-7-yvXUhfnIupAjnho_oPR30t_CEoQLsBvtzn7WQ3E3N7V81,Stutzi96
Zbp7PTAWsIgh3r_8qFlV8CNUOYkg5Sec1vGq9zR_IbOzf2i8YtF2Rryp-e7H-b6OdjrXYsGS-hYVinxMT-h2H4ZlKln0CaPgf87U2r4NxSg1,suedhang
oxlTg8cQSaMr2aArULamrVKjXCJUyU3FOxiFeFajc0DgBrk2NctJpC3EU224_mDxOPhjcEgglg5OTGSl9Vhmi-hyQ0_CmDEVK3X-yovmoQk1,susa1
LxLY241hPSnmH8NsC9BHv6OZnX3OY2RRApUFrwZKNEUqFBgZDe04zeIWO9ckIuJB55ymsTAx0QZyR_zu_5alFdYvUTLxfkdaPyzJznrMq0c1,sykora
ppTS9-n1_tU1gBU61-ykkSEc2VBfDAwIXo_fTjrm96vzyy7ZhLLSWPCDcLo3YjPdAkdIWHc300qFg59owvAHJSSL4LXulWSz1OAGeMHm0VY1,sylree
lYkvoJp2Hf-PURnLElmLwUlMThFwlk9iiQOb0vdO9pPOCcl8oI4JcX06XWJPzgFzzFzANOh3QqY37uDtAnt0BzeGuaiUtBjKsqf3cV0NNJw1,Tabasco
S6-k-x-97YvWJW2vv7HZqAA_dmAlgizgzBSapVr-M5a90KsBIDBm5AYr5k32r2GL8JFXmVSFBbMlf6AGXymcazfmZqsQ-kAv_pDvBkxtReM1,taino
f6RBKOEAT8OLnsbH8FniQswnHgDIk0RFoetJo5B-p5bolFfeKow_wFBIlftoCkOiPxppx41SCRyrOTUeClkDJl3PmGLw8V_n9Awt3hfF1_M1,Tanteklara
wDFl29rlSOHPIkWQMaA0Gv4Lg8lQWq0pIVpKplfl1ifMa8bk03EDZjGB_RrXwZtqV1rT3F4gDv8G60gA16_pquSyjENsAqMc7sOHH44sAtU1,Thomas
CoEJKXgEt3iLRdLIAJ1jt-x88lS1uDPMjFH0LsICrFsoNyL7AYZKjcipYF8jamioAC_7H0rccH9Io5ggjNfz5n9D5QwvIy-2817uGOk4NKE1,Thorsten
e_DpaXRK--aI8nzb-3hedK7LVBSOJSnpn38CDBTK1CZFNwdlfDBSKs_haNMqAxt7PD8PWLKCc0D_oYQ8a_WkrqnoHu71vFLL28V-giUrXRw1,thr79
O9r7ibsGFRpEVLJ3de-LgHDjDmXqcT384lJFE4sdEgnnKPuIXp3ET1SyNUzLHWXjBhxdurtBgYTvTFdDazcgkP_8yg_w31VOpAhKnlXsTqo1,Tim
IRQF_gj0RNo9fLyFDAilaGLtFylIG-t32AU_D-yfzJZWuuh1umLp0zvbex4jD2EEKDb9priueRXehNmw0jSLWrWZ6cxU6mgWmtBTsSELxks1,Tinne
7fFVlGEKrDuc8pIdoInzu8wVzRZD61lhUKW6O3bUd0t2efEaqIOGWuElW9ZIYKlKVWlssxwFCZRsmDzXj2vaU_qlk6H8Jt0Pi-ooQ2CBJQU1,Tobbi
kqFnIoLYhe7b1JqJdprVmk-fwz7JwD0OZmISeo2wNsCe30cmrjEoO3GNUDAIp6iX2w_THbKalM8k_RoxPXLR6MEXyr-k8T8U3oO2RMezUeM1,Tom
kCQ1OKzYDXNRdbYJwp6UrE0QvvZxyrSEQMl5dMeARL2b3tayfQYRUmXo4Z9gi_pNVuMQVXBfRsjKK2bzr4RJPPNqFEOSoGb7qQ98aCG7Cl41,tomlong
6KleSIeSFW5obkXurvfWSQ8M4x0SPSPKRkE3nw7slF1utCzIgng1h69RWP2xjZLfuneRyX-hfdhqBdOTDVd3fmvvbG05OvG2isl2XMM8aaQ1,Torty87778
oFKbQ_zddqF9PUQfBdbHQIiVNI0V5ffyoetvSr42Ju-6NccZt7OoqLy-mz5XTiD-kn2izWvgtdB7D6C4FqVNrvVAbOscq5CCnp8KcPz5jDU1,Tris
oIbnDPO1hpw3WdnZ5KTV67n2p0GnWMSbrd086ehVj3v274aD93u7uKaWeu-6Us7Dn8MsgSvZNAKYsXdsWETpes_eJfdpJPrNRC41bZ_e9d01,TSC45
mwmzwZkBBI88nAXj98yyfI2kLbawr55oNCIlxVQtWKuXcBdlAUwdWlTilhlvsxeplVnMhDfGJmy88H-7kAJcAQZvjpfhXvENqt3w4tby_qI1,Tune1
PoBMswWrHF9WViLARXmZOY2zI1imovdF_E4g8bvPqjgmnmWx6-CWRFCE6hoM7QPNlDAebaFDSMHr3hkkRXw3yyZBgMOfEugpuTlHvyVreI01,ugo
Zz33vCii7wVSG9daSjHUIbV20zHGho9RuzrdKZOzU3ihe0vau3h2SOuwNst07-xKjSVxmz3HW2xQ_tAfBaLB_jmNAG4bgJ7SmBjw5eUYtcs1,Vanessa
Fz8E7mq80bppBGRiZWNpIPsPCf4x-f9MfJhLapEgxoEZPQDzL-hr-o87P28OVtZ-gvvvyyGmmKQ9fWj_YiGQ2y56IqSx_lt31oQZPswlRFc1,Vech
D2nuDkHyu5aiEUr_tihHBkum0L91zs8UVJg8ZMzgpvmVGNw8fItXSwCz6nOIGI61SZxItrjC9360cy5RcDtvn8cUw6hpwq4lSYUqs3MdTwU1,Vicky
K0qwWjIvV5M005a7fWH9fweCKk-SxVb-LauIImd84l1wP60IDdDqj_6hF7DDu9bitA5U1rPccop7QlXCG6xqAaUHKFmdvvQhAEdaBxHJoC41,Volkerr
oCXQSUA5UrOURXKQDFfS4UQvPodLbPlRQjOHslJm5cMI9MlIZmsCvm4bsEvmVcMQkNnDoVOnp6dprHovGRRCesUWbrdyB4rK7vo0CaID4001,Vre
5Ig_W70dmJW8QK4g87qPdHSd-uVqWkZkW0JnXf5ipl-PVnJi0-FXCXzM89n948y-7cIqh4GiSnflpgIckMLZPzaU4hcUevU7gvOzuy0-3Xc1,waldi
ilJ3fJYXylpDGy9VmElrC2RjE_ZcIH5JtLSyts83gBDCQ-tgVomVoY73SArt_MXMyg88UzQvTDwSXsaQW4euxBB0hZ_UvPqyPUpH9jd1FE41,whisky
iJZPuxe8FFruCRyI1EeKKb7z5wJ4vd5bdJQe2Rvc9mjCSgnJkmvKlaglHLDMmIhYfV1SqQBgaNkC7d1x9oLAds_DEJBcAe1wy0S5gzlHDOI1,Wildgans
s5n6pKc2i7lP3fnhdU8AkE5SoOfz4rGzjGvwCv6nhmxBG94fcqZXlY-mnv2vjQbB-p5rGsiNVFRjSHeLVTW4GIVi4wokq-IoBnT3k-hG1nA1,wolf
8oXPJwQFkJiuklD-YGvjShzjh6w6i3spYCjMOP9giQZgjRBvwbWOmQPGtvEMq-6ambDit25n9kxb8br9e3icmQMPrhPMVSVr961weWfQfwU1,wullu
SlESgIa6mBbG4VSBk3fJZxm5jD2dEJ5AQEvfhamkEDWsrOpCCMVKRZ_nkZnvmRn4X-hg6rNhl3OzpQV0A8SGmks7mVnvvuCTZjBvHsK8z_E1,zemmel
nunllKuoArisUb6UcU3sg5ZKsJlLQzwlTXH8zt3bXCR70ZptjExtArEOvf7Jzso1dircPgxha3dj9T4xCWx1SnqxROxUNQVAcDU6T_tCjEM1,Zenpoetin
_UB1LuvDeV-vF3fTTR8GnZtvaHPSS13XJTieewp_SQ_CHzOM9ttg0Rj2t-5uazwJOuEj7nluF07-t_pYVD3X4Frg-vo6NAifnpFPg_J4sus1,NA
dQA-xuaGNeliVxPShlk4uyFvF6yc4EZvq75sGC62lP3rAiBTfFYgmsMJDn7hwLqtENHTEGStLWFXy8SvL-2UfxX6szbu6wVCHin-MzzQ3lg1,NA
Yo29o9RarPvQU4O7QjaeLgllK3jcWoGi3MXMOv7VOPXcrC8Wobqb_2VSIZRsjsM4mWtIvZ7CowqxSVFga5TUPNzM9j7RDTxpuyoNUlVdrIU1,NA
4H0VL3rw2nzoNwNwuehBAglrmh79j4-6LZJSPRlTZqjWvCMjOshPf1FGs-npKGu6m0kuy9S0dzA5Ph6RWNVWBN909t11o2oFItZfTn3jq2A1,NA
peaqNy9t_YOOA4PCacoWBKn-gXsBj_IUArPmP6v64kw2qbWdd3dwzLJeRCJuE5nCAtZYWA8e2UlhLlOv8oC4zQ-DL1_dth85KInYzFKuwG81,NA
5CQKCDHR34H6Vx-3kMoQGBiVxoa4DMj6rMp8SqyOM56vAjsyV8_hux4vrB4JWRYcjsZcRmihDDA2O0WouYK4BQOcFr44QykV9zHykZq-O8w1,NA
CYv-qKSr6r6qBx5yT7pDBJUhWaFr2z3kJ1uOrlcmq6R2yByfJxqZFLPTTyYZQqolHpnru7gN3z5g5dVbgMs3i1n9_SG3fhJSVlU674cunw81,NA
YO8S8R5Aq44Q_TVpYHZwXuzY8ffgiLs6xinEyMtM8FwID35Eno1i5xQVc5uhDNTTtc_DII7B75HzsJwm1K_Y6JPCTyuhz0n0az_5FGlqIvo1,NA
SXdP8nOVR7TwWRwU6uaQDWHr76iHMFVOZdv9ZheUP3aJQcc2dRGe1eAJD-tJDei564j_wuzSneSVqP1PHHPTTC3Evcn7FGV0ae6S82OK6M81,NA
eqPu5mtP7j1zyutedZm-1DXZ6A2ozbXtT2B_wjYIdPhVqUHEsCVHf5al-rWqasLBH7xjYbWDx3_u6_CYs07GqmFQMShcK5STry5mJqFaEmo1,NA
k4MlVsScOUBLC4b0rG0UbMHImcNxvysmamp1UgOp1Rsa1ujWY4-OWu3zxz98M_uQNWH5e-jVy18x5yiM1zeIIPljezl2nbGVt4sm5eJv9rg1,NA
usIL1e9XyEsQXVMUqEB5YYzXLyPfNfqoPlFEUbFxUXbcdyS7oefA9WLd-tz4mnWH8JHTeEMQAazgH4z4Rw95HV5uQgz6BEyQeMqLEgbhWb01,NA
oOt-RHgKo3FlPfCmOikyAYWF4KpjPFjSZ1zQ6RJw2Gwx0ak06isf-pBo2wr-I2ZsYZpuP92g70EAxXXUyZJMjewQayERUEGLG1S9RvS8ljA1,NA
D2t515-7zX8H9d9exvi8O2RMJNX3yi1iiZkjt4Y3FKo10uRpo0kY44QxpVuJB-zdeXEnZP1DJlmNXeLUrOhhPHHXljVAEowvSW5vprABOro1,NA
fUtXX5z4NBazcQlJ7yMZSloHGU79_3WtY5iUNFrD9yo2zWxIs6aMo5ygjAXx-T_1A87Q8qcNh_-9aLCvV2g27czx2x9PqumPS0oVFqPnsiI1,NA
4ejqC18-P6zmR7WeR2BN5njHxcGVIPacZVzQvQNXAYXO2vtU4juYDDpNjDRnWSlMxWvl8NWflSVrpyiL4epGko6IRQwxZNLN-ko-KovZi3Y1,NA
4nyiC-JcYSqlWWrqm2veBWYtHn5k53ooZ6JdhJzwUsZqql9h-YyL861oNDVlL-m-tQb78VOqg-btwFcH7uKJsLZ7abTJN8PLJdFeXzKZPzY1,NA
F8HX7LAWdpUgFnNbfccZpIGkb1wKROaOpcEPquJrxGeIKY1oLhv1EMmrShHYWfpdeQmlB6SQ14xg_QgYosJxY0dpL3IK1fxZOBrJxmvtag41,NA
rQQNIzntegBJDiwUR9kozrtnXfU-2EtC_hb_G2Jd-xD8vGksXhv8coxqn3v1Cmd6pEVhLrwDk8gwLdf_4UVH5lKItwZf1nCU9YMJ1NjGhNg1,NA
RK3ClfPkx28ZdzMAm22ZTCM4RFUdT79g6g6pOLiV4S-Bol8gWf_B20J9qnWcmNvt95KpPbyHPbJF8-Ii73Hbzz5yWdFd3M8f2d-MuOyvFX01,NA
MO6g3L6fe5pVNJBcd4AeoXIJSLUFIhQ5KpY63zfbWnnwoPaXYjrI5TVt8WOGdjPqSh4Ni2pnRgR71o2Y4v89Vxyjdpz0K3olJfAKFmpWrZQ1,NA
VMsyLjMLUXy1EfCi1dxlqeKwMM3eKMlSJM1Y3WheIyOjCKQOHYjqL8nEKskN86MTbbgoIZEkZWX7nSdyiXt2pdqvJKyd4iu8Wq9ufPd5JVs1,NA
VpQGPSeDQ-y8i7nrESTYJwRpAvanFDeXYCbuCOa9Qc-ox77gjur4_rxVXOTiFwGmcxj8ZcC-xMW7tuNxuO9cR3noX_g3n17PaC1XxgbgcPM1,NA
mSI3bJ2hdwnruKHDHkuo8R2WX9dPXpvbQCYzQ7r4tX_t0am6aXytUTLyKiuNPILAENySWMbMmy0YxZrt8ef-Ys3tJD__ViQAn4ynulxIfWY1,NA
esxfFUjAWuoofNwUjKKlFfrvmO-U9xu8jaF8UtVJyJ6v65eF8lnRhJ96amDDR0_QEJ40UktZUCh6BMXe3rI1YaHWL5B80AjqJoOFRFPQ36o1,NA
CXhikj7rQ2h8cGo1BBLZSaAbxgLaNnTT-Ebkg9eh8zR5AiLxOUS6mQO4PSBxPC7WFyM2X1uJapm15AetW-HGPx5pGhdH-YZcYWfXRIKFtPQ1,NA
mr3450gdHk54Gjcyir3XnRm03p9wgERt2mxOARyeVSr5cXvSyBBiOoxtgsdoLvpOuPOI2EXqgK-yM7rOMZDg2jbTg147oxgyGHs9GBde33s1,NA
WcImWlD1Oedhx-6tafNvfVjKVmON9igcTI0bp01vqfoqIOcQO64fWGItStsRpQqexFKY7SmkeAMTbgkTqC5vrMyDVI17JhzPBPsED2RyiLA1,NA
VL20wFhB3Qm3pPso9PclJaaRfaCv7jo0lwGbOG4IOl6aFRcHeDUISJ1PIZI46PDdeDEAIV4bHBuqQ55CujUGlHpQ9ZKaX9voBB8pJTalwgw1,NA
oAX80vnG-rDSI054JE-wwqhp7G_Q6bbYlt0eS0YoQ9gY2p71T_8Jy7TsHME2ZH57WlNMM_du3u0B9o5uF1iu4ehIL4nW9VVugzbFnQ1ENq81,NA
Zz33vCii7wVSG9daSjHUIVMOVjRSP9YpSJ01OsUKxJ5o-r4r0JDzCJjC-g03cC3rS32D2rCmZiJ1comkp6FhvAYilTPcqJr75ytQBQCkhiI1,NA
7HEXVnRj_Noz0logP83vjNkjE8ICYUAczQQYBnixufkyu927LweelbzKZWJ1mMp7Fi0YYyKD2cb7titqK5cTHTkPEGCy1scvrP8VsrDtztQ1,NA
WcEs1iy0-GmmYEfhdm4BcOjQkLKeHiPS_ruaDKa529Rjy3fkVu26XukLfuQP99s2lokfQvhGpMvdweWis9_ij82yYF0YzqMUGF0Xc7yws1I1,NA
xOF1p59cJV9a4VElAmq9z-oK-453zAzXwXeJ0b1qnzQfaLa-BvbFf2LRC9Ld1AFM1vt49ODo5W4K8Imbd7S5nXr8_qGBqj4F6Yw15H3dM5Q1,NA
7HEXVnRj_Noz0logP83vjJj8PWI4P5j8Gy2ciz8ZE2NNOFvfJahJzldVgyaAzQwPSnF8omqOA2jcaUXO9nppIV6IDn4efhBLCFToJvtpj4w1,NA
DYXfdc9KJ5M6P7ei-PylyZzfycwHI-bzh5tpmrG_76Z91rayd-_u-o0G17KlNduIA8f8bm69GlK4hC8FF8k5qWdp4pWCa66AfVaI0NqS_8c1,NA
KawMCCpAJ_bPXMcFwMrH7cbKQMisvJBDc-AUdW1v8n9r3OpOGvDUiXpXlTowF6Arps-UVVefv6pURHF-SSYR8sd4Yi9Pv1bfKQu7atGUA-w1,NA
ppTS9-n1_tU1gBU61-ykkZ3Z6zZ4NA3Ou_kr-HbBnxRSzzFYdZagIn4BFV1patiVQYg-tTLBi4BK_xD-8IsJR2xyYrwPnQOAjESgCh6nqXQ1,NA
DlkejPEs5JOPJaR3-OPN4YbwU8G-ijn7OS4agYmEX-d5EK0b2dHY88wrlOlTSNFX-YTZB4gu2hft0PeVzNY6F8CVqqMPbI8I4MoRd0kE5Mg1,NA
EwmaKccc4-SMJE7aajABb6uN0LtOom0CA8q27-y7ak6WyCSNaKLWGIttjRclWpaQxPi1eOaVnykah4pJNO-QlCuYsZLJtRnwtRSNNIQW9o41,NA
7fFVlGEKrDuc8pIdoInzuzcfpl6K1Utu4UFlCZ50ENBwGUce36jzDJ6Mwh5Z319LiuFdAo9Szo6Sb3B3Av9HhC8t2asHgSekwxN8Z7X5-Xw1,NA
A_ZWIctxggOJMKWKoHlHgWIZrapNIdVhlP4hr_LsFOi7h58Yl1EC89fwUAD7pvIOEmmDt3ub5x-2A91SGtUAs8NOlgTcX-JcuzftD1zxOOA1,NA
8IZ1qZsv0RctzDwZnGkexIQ_sROenrGES2aRLthNTtBpxUqJzXAcrlJ8JxORGCTWoqe81XhReLKUx92ZzON0e9c6CixywynrLjxmfOj8JW81,NA
-0hh7uOvIvclBP7TXT8rCXA9037Pr_q99oZGVPJGoZxFPrWasKgG1jGMBNgipH8_gGKggn5DngUUuoC_Non7rzRHBufjgSsUxrU1qukwSU81,NA
2t2vdBgNhAoEJVpIkMIRNQS0ggcPgztSICqTMaG1K4qzfsOSd9vtHVhTPBcFHvXfzPMlibF6ZyDRvZbyjVEhsXvjOdFFoxXTxYT1IE4UxiU1,NA
rl1Tobqc2v-CRGAVYJg_DVve4TZzLdQ1VveWaZP5SFqCSE2ta8KHZzNIqofRYSi1aTK8-oPY48RUvwVAoNLiguKID7JjhQnmurjv8GU9_nk1,NA
nporERWdMNo4To_7VgF5cA49HX65qvOs1qrv_a_z9YuDWEM8FjtcUhJ5R6O0RASycytj17kcRLkgXEQc5Xzq5WyAz9nKd75QqiG6hJe8E6o1,NA
MO6g3L6fe5pVNJBcd4AeoZabxMgGZsIUcxtZwDC2N837Ohcpta_8AFceXQ4Z-7-C5_4gFqP3-83khvVw_iE_0WX3Gw0V-Fyj9U4H0G-_xsE1,NA
JJQpLyuhdBwsmijSYqKeFQ1MW5-fGDWjF8VGXE5tVwFIDl8O2J7f3OZG6UijvDo5iLE1dXqt_eA3IqsSTuyG8fi20hN-tc-7wHRmuQCZLDs1,NA
rKURLIx7HqgFSwmniWqgYE0c9tig5VIUL3sf5PBRs_As3TM3PVb5tSahXb6L8uEIoQ23-KWHp4Q5Q3jB9wRa5-8kySUacuFefHn6JVR28hQ1,NA
BcpZUqM2Wy23C3g1lHihRD-41PLZu874YFlOfRhio-eKjrmNogEAJCIbD511nKyDe26ky5jixoxRn2_Sj-zmbY91M_-e_eul7aIp-mxpiWM1,NA
tB_ym5xZOoJKVI5mP0A7mcU-h664-ivlUUVL4CjTW4vAc3JhHPzTugftsGl5jS9dDfilP7zpGikOQ_LbolWK_LaM9ehUDKc3gBe8R9NhuOA1,NA
47tMc3eEK0WqTyeBfWGsvUBEhrBbzol3VsXNWAlL5Zjl7yh23dbmodYxBp0xkRiP6GOJCgYtUwbhgh4c2FRtb-YhFg27novwmWB2FY0M6To1,NA
WDFslzgsbJvHSxOjfdCvFC6MHH8Fe8WjQld0RfuEo2_j5Y_jwUZLtBCZVSmJLGSaB3eWwVogfcMsBc5gQFcIL6urxogUso7zmnLo4___p7Y1,NA
ICCSoRdT1IpqgYSIrowbseWLS8QpJrtEu9RnoUywjDSt_xbygX9R9zpdofdumnWswcg1uixqXLfI9yRiJAfLPbi3olsNX9JIPtTdm_4wQ0Y1,NA
BEERZR18eQmAqCltRAzBxtlpBVHFTO5-P7c40KwpgTK3lfvlP1nh_Oz_27RJVbe22B_qkmv5_BQu-51vxFCcfzF0fQ1fHEfrVuzn5p3aAZo1,NA
dzArDSNsoARraN_Sp9c-F9rb7Ava7MSJb5EW1pmmYH4Xw-8_PFZrnRoNqqmS66rzsFx1Ys8koe7xhTD2s5pluRH_301RA0jxmjjvcL38mwM1,NA
hWfM1QmP17D4_xD2U3dmGaNPuE3seA-uLymwciPOzNZB-OelZEzHGYvZzW8LpOZ_UIrnooGRR5xsTRtVFdwSEGlePBygtq4yVW_HwsYjl6Q1,NA
KlBTZtwu9f2OFbawr2EsN8dXBpKRtJr0q6QWtD8vqKLfhjvUc-h_X98jy-5uzS9TqiImo1TWSaMGjCqzKuoA_ECu9PZwLqdfGjN5hwl7OuA1,NA
TUMRT8pXrzSKHMSlwmsWJ9eKclWwzBcUGCnlM1u7hdXt3OV3914VSkRH7DX43vmK8Dbq_1Db7m8zcjH0c4_WSo_ZAp6ZJaUDWOAXVzKYgNg1,NA
DDC2Bb7qljVLSx4eZxORSvQGL8kH5lWsHKVFXbrKjnyXpjv77Cs3GsoX9eQXnxEjg8xpFg1ZpkEQjKZscFOmPoLHsp8KNit-TKlSXQ_XmyU1,NA
58mHEzsJPPJrjbdt8XA2sqNFsW3i6leahlh2HnZn3DTvdiPkqAWn1aSuQiTSadkFzj3my7K2H0gUeg_dQqIfO1gDwhdtrdrLNsWBrnAqkdo1,NA
88OOajqfUSfwbEHs3zoDsMhsrfJzC6oDNbw-jIlrNHKJqoWrWUXEqT2wjYM4bcO5LYxvCfVynyK9QpUW6J2vJFfIMOSO115eR_DDolZOgfQ1,NA
OCc-qo78jBB-TQJcQ8E9b1iTsLn7MC0r2VIBZn2mfUVJcxi-LXIWfUWUtKacyGdZAUx1EQOJCjdhWWq93asGfPwiWXmYor7X4BLaoPFWGV01,NA
fM7GH1h6Xzaw3Gvzfap4cEg3-h47cvILYi3G0DaKryWTxGkeN2tCL-uq-Tb9litzaiNzp7OABD3-myPJrWGK8_HB8vA4TaPiTjPh2MiviyY1,NA
hrX7cdRrmL9UwZmCEooIJebS21DLyjOuYXR-Ll19Q8ASne3C-jHodiA7wkkME3nJB2dg8HfVRwFHEUpNLMYYCP8q2NWd0nDIXGNvdwc6vaY1,NA
8ZGTIxUqo1EREs2PeSa8WoJzNCNPA9amQaWH5Q9cAhe4kAm4lK_Gjz1dwY2kHcT0E3JbTGY8VBCdMJ3gpJIeRnGkE4BcMgHFPPo7mY3tAxk1,NA
n1T6zFZhWuvj9CBVCflAj6puOPT95mmNrwkN1eSCZxQLQpoGnalQpVMYE2eXIWgvKhi7gz8NUcmshW8cuofaW1hum1kuHPRhPDdtg2aUwvo1,NA
zIA-G1QShEB2Q61zk8aCkULHzMTaUAEwPf_6tyGUfD8pu98gC-D4m0V2FsGJGS3VSLsaRFrJ57JptkxwZSsdxAxmpT3wKiuTOIkF73zWzuQ1,NA
sMiGUhwmKaPnd5s49BtYOEIefvgXeaYBY8guwLxox7pTxHul8wCwCRQ4HlFoBN2CeH2VgpHQ7ol1RniDK_RcAYxFaXFhqKsM-7-cTdN3anQ1,NA
pPWij2BB1NGvvjFyesjV4KPnMbn8jG0w6rR1FN5xFfWbKuDqK8VsnfM2wYbMqDHrNV_2--gqz3YeyrZ4FgSKCFYcFlxM4M1bvtR7K8oeJ_c1,NA
iKRx2EaNS1H3OdAteU34Oq8kCid_X23NrlN3MBhCAMN3OOrWkS9n06AXLyL_BpIinuqxSIgp3rWGjqvFkQY-WL_7G3mK4DjOkXOJUu5utwg1,NA
WnrQEAcr_sSooLAsBPwfAgopJrbR4ZmvfIjQSea8Nxr4lNOWiegLeEmbjD5H632_6QpFwV7VBqY6oAmoLa5-1inB6uJbYg7T6m96CXgeKEM1,NA
xO6TPE0qIlE6gmJz9SwMXBDizzhaauNfeZJuSjqrqe5fyWpKYksaBRdYzLfdTbsWEC0VYroHEHO__4DsgXD47gcPiZvaEN0-w6INJ9Olck81,NA
VSNtzewdXaU2sYYhj8Mtkus1AnlweaCn6xTk3FQmTvLRLkNx1PkNPp2PN1niwCXAdSq1cLe6k9llTYxRMKBqTSN9w7vEMyVHkVTqeYdXa0c1,NA
4_l4aNa6mtHCAOlDurF8Vuj2DS6AxgZFWcJITbbe9BSaciVofoJsUrc_ybEmNI42Jw8StdaBrheuQ4kGudckxTq3J4QurLx9v_T2u8vL6ik1,NA
_xLal0zP3XUzkeGuBMHMJATNY2D8DlUoqKT-oWRy6TqThXrf51IGDUgOrR-NmODAigJLwCYhEviIXqp44aBHWkkEhZ5SPvZzzNZDgcWhPh41,NA
6jFV8t7Ste3EmvGH2TPQmgDm2USvQhta78Cyj2vzCZZQeHE0YY1wzn2YAX3vLrIEIraOS0ZLdRgel5XST_zOy2UF7P-uZSdyY2GaK4l8tGg1,NA
nunllKuoArisUb6UcU3sg1NMlZM1LZ8SsVynthsx3MQzFUIlG0LWw0PqDwXgF75dLMNzkZZNsviKK6rB0vdLFfPhw8F7fqMyP8758QM6qHc1,NA
4BaTZqh21llA3L8YM0DDHq5vEVoBcSulUvkqv7VXrJDzmMQI0lr3QEuBxhyKIQYyL_5gDNb5bkOBPPpjnKhtgGkrtxRI_1iFH-kTArkgrpA1,NA
wH2R6_1k0maenH2wlXa0W-nneyJRe1sQx2GnXEfnGXIaPGt33cLQgAEKPChufrLEHr5IyvijmZpg941TVnqogTSzIbfwTS9McuhqIqWnPo41,NA
_qoriaxrudjACo5YzTgI56JKnNL1pXLxqQ979M0Q_q2rG3kz-bUi0qYSt9-dH4eSJccRY45PqiC1sw0DQRdjiZN_ToCsy81HvqO1Tlqw2fo1,NA
58mHEzsJPPJrjbdt8XA2slM64vmKRrWSYXd2Vl-5SoBgk4btZhpFtEOou8D2nDCJMinhHX-zEF3SALvFNnyhuawCboqa-ocjzwDz7HYPKQI1,NA
9uEGKTbzD0kmBxRwFl2VxpLjuFEksVgAxfcxg1wVstm6lt8RuFi6ozcvOWEsoWTYM5Qt_sYW0fhn8sH701InlC_JI4SHcwWTQPTYDxe3sQI1,NA
WDFslzgsbJvHSxOjfdCvFIAYZgkg8CXmJ07-MlDKJEv7A9gLGVtesMCYNLJzL7KYl3MEOF7n8welZzyEP3qyUEjcK6FDN9HMxBjH0zIPxiE1,NA
5CQKCDHR34H6Vx-3kMoQGAODA6c-sQP6JaQ4TG0w0DD0A5uD1-t-M9e_xFUTXb7dKkO8et7b1XPHGs99IAwXdfVLZOS3yUVcKajYJFwI16Q1,NA
c7U4fGzS3vLqm5VdOF12jC17LrQ4mDFIdK6ePnbEVT7u1Yxf59PeMh_LsTlc2a5s8alzClgnsx_f66tLB_W73NVfz1pdlaYixQjQIAfAbQk1,NA
qwkIx9npExnKId7Dle5ijzIbMvHP555FmwY-D-1LDh0JQEMpDbkEkcMzHwOVSLtK1qMe3WllByhlQcOg_9TFsL-HgZv4tKdiIbMog7TcYRc1,NA
DlkejPEs5JOPJaR3-OPN4WtR3KQYl7rQBUYv6vo6BaWdgcAmImbhj0J7-dNpeO_YOhS05k1BnWFbaL_eKpWAOyQhGeKDjv_BbKtNooZtYpk1,NA
0hBFOwzDvCvQAt2grb8T1zMY_JncfSsGguzgh1wJ3uNCisgnMAgthdNMnnfSEOIE9OPITsEyZvw1PFVHtvQdbO2DIuIQNE_sC0lvnvmmNM81,NA
xr3FrMPyWkwHo0U5N42W4Vo2ZgbY-HcM2k17ZINbTLYKDTEw9-jCU4OuZ1pZ3eXkRhbrSmip2g8UcfQSCBjb9KoaSXgriNvE0jewbP-H-Eg1,NA
t3qV1ZEGSRJ0OOpk-q-7BTfOq5bD07rpPvSmVU0Kfn-R5rZw-cgtwwIMTu-JTpjSD37sttrvYiHhjs5s7JZK7EAP4mFntHyVkH19yrOGpdE1,NA
h5mtuLlrjS8ncPUmFj7d7A2Hw5M0RZST7mbuY370zoJUleD09olO6o6r4RTaGKOxxxTBrsNFZ6E0xEerFIcFpD_SN7UvFEgW6alIws9h-A01,NA
BbrFukHlOc-J8JfN3fobMYjDJCd16yMCaJWU5LXwmIOi-3Jr9E1O1LLFcSwXkHRsfiSaCCJa0oLxoDSUJF4pXbIfSouVt902ndh7-bMQ2J81,NA
TznE2KLB1tOUE0oT_TPil9m0yQIAITczaqIqyfUmz_8f68ENy-hNoT8y7XkdLoNu6n-d7FmvCH6Z_bWe8SlQQhYF1YC7ZHtu2S4aKlTJe3w1,NA
TUMRT8pXrzSKHMSlwmsWJ0Qs5b6Wympa5KTht1tIfCQ1UojhaWwLLWrKQ2RmYhqFzYiY3epVCcUeOcP7kjMOdDdoJPB8Uc-1d3S9i-EvYeQ1,NA
efDpc-MjuySbfWWNfWqgZ5aC43MqSyU-nAonYtPdq4mb5ReuINUj4nk8qkY0IqU_KeqOdjsvinNm0Doe86WhvuIw4B83uLeGhnhH57ccaQs1,NA
4LPocOESJRlcrtSZX0J23G47tTX-R8o-a9cLyC4IJuQyvDxLm1S2Sp5_i7fr1uoXI5HeXH9xY9PShn09n-4k8-U6tr_rtgFNjLsB5CmkZiA1,NA
gvivLTF3O7BNweQNeptvJ4_osfPTm_yY0negMUMzE1eB1T4xT5VEDDipW9PvnD1JSAIPFSgfGg19BQxjwPZYIxFuZGralcZgGHamastj_QA1,TIP224
yW11sCDotZ12w5AzA1GaZ2EnF9LHaBqtlukIii85rGfDAD-8UYoWdqR9vVhgGuvBQmUK7LZllsKUEAeBkxK8BTgRLV8XZQU-iCrfjFh5pkw1,Schnopi
OzyH-vWm4cxLml8ZQhq5Xa9eshmVQbnTrV3TjF1msbSG5RUVRQaOqKBECqTDRPRctWggCsap3Vfjjv2Y1D56HZxMpLst-8EAxU7VgiMfXhs1,torwinkl
jdwn1EPZV26Wm9h6GgObU04x4QQXhrfxqUMdI9XJtasuBrzze_KSEbyicdS7xtt3LxkHkGI35mRUaHqfEqQRBbzTwtEIqHiHst6BkBJ61o81,Muesel
fYrwN8UUX2O8F6MA3EheUu87x4PgpJKdTkceoRahZ7N-SlXHAcwgepKGEM6i5dJ2xljlMo_JtMqrY-7m3X5O_XZfkMKPtKSvbls9gmcjfgs1,Linda280
qJLsnTrzhPqsp5o2TUnARdZUqTX8nix1XCVPg8aCHZ3oNGdNRc4u4-hXP8WvoxuMjNMtbJlzP5XiIl09r64SIKef8WDHaRukojG8SdkypoQ1,MissAH
KrL2ucKMd-K4J0yFzwiEZZvHWaLWiYn8aOfZj37DQmt5yR_Ly2wDA3rIZOcIgJRc6vrSVGwB3F5eTwx2CgBhuC6cibW_cw0dW1_RCIc9KEo1,Martin59
fqNBd8Vks2lXyoC0HSLB68emGPgE9fM1RYrQgdFAPTs6gaBsA_eXOa5Eo2Qu1545Co2Lf0p59O8wxHG1Q-pnZEabTujjYaY_04E-T3_iZDw1,kristallmeer
E5BiE3Ri9bhXqypU3UDYvi_xTjz_i_oTBeF2xRQxrUCOLzinozSk5vVrF0pfDBVou_QsF5YS3djyojOqyOEQBgEbgOrpJVG9cUC8SmpW8xc1,Carsten49 (=Carsten50)
OJaHk0xzgcXNgqSnf0f5HBki4d0R_NJfQE---PmI5CLbLRY9wflhag7AL0VpnM0sUYCSf4UTwLlLYcLX_a3d1xE7SsyQgF_yVrFZWk_83FQ1,eltipsi
YzuMcGCrrx-Eq11YTI0kTKTJx3g5vqNfwk7leHpaA1YENHPrjt1ekOS-BQe7kFBsQixi-gzpT3JQYO9Nr2HLTECD9YGDw6TXo9a-u3cI1WI1,Norby
G-ZlrYMk_zKxPWbHJq0edXQns75pQsacPW2OxXURQNTzDOqwNt9suu1mmpmY7ut51n3PUfOSFUJ5eqrf1enPtXsKAuiKWSDik0dloRPXREk1,bemastudie
Ne7qBDL93fT_6F0U5rdcTtu-iyRrni2jNB0uuCDaE1hlcCw31qwMBtfF81RyoyGJmHl_WTtGYy5P2NS2FLSnX85eWnDHElCN1gkvPYFJE2U1,Blumenbaer
bk8zcMYmwF9KZglmpKcKKx9ATYMxMkCaxcdxw9H2Xl4ctk-Qo0NfDHiuYyrIMCyrv6mjFKaBzPAUKNiSEKaWXZXdV9ia-n8m9etBPzHbd4k1,malb449
jVfAuzJizhqCRCbAU7pLVuiHROQ7xdG9d4jnvvs5f8xkb92ps-LhdvfZhoOTbHNO6JceUW8npsEbTX2y2DxPu_twBcbbBQ2YnG74oLn686g1,tku
xr3FrMPyWkwHo0U5N42W4eu06j27l_-hHk0NILkyCQsK0Hpi3tTX3C3Y2VcwaHtnjEZim4We3NM9zF0kVdFkp6PASVXZeETlQqTvcQ_hhJ01,Gleichklang
9uEGKTbzD0kmBxRwFl2Vxvo88kBJ4mLeIiGIVNHAx-9PD-D9NyjuEB0NYNv4yQKd4sQQlXE2fSVn4uD3Jqk3Etftd4-awOL1f5XkYo8ZdOQ1,Tina
wHiCsF7M07QnYgXUHFi8W0EX46AimZb9KlzCJWImhCJE5M_KMSybYVE9C4TMgr5CFa9TdqxFvDrY7rdpw3Y6qrp-WTNXYSwiFLsUNrsHgtI1,tingrisch
WSa8OBytcQ3TiaSkeV4hjW-Hinl7cDTS5QQnS6WmrKgv2NJaHFXBACoGeORehpydAd3ru__3Jt8L37uJvDOOoX-q-DHe8FR6gkSkNXpCZFM1,det53
H3k77yviZQ5fTBntX0EaR9DL7EDci9F4HZQUxb-cO-nNc5CymNUymkVv16lMJauBv9sEDqfdWUIdpUi7PuN1C62vmDO8NJHXAuoN4r8Z_Xo1,camelmarion
ahD9QP7XgwOFVeaQg1xWNHCYdoQqW2J-zsfCDD3x5yMm6vhHTajQxOSuFPiyDXrKmkhSD3xKIoAKvdeLo8dliCvNI0Hxf3NWv7oPhHhc4HU1,mmb
0wgGAG-GoTnRjrEN28W_7IPMiHZ2LGBFzYyTN9-rKMUiAjWt6NKiEEpC70yHSadjX8xKXPwRaoiElVcp6_1xrMwpSHKVK3erMoeTDjvSXms1,esprit
fMgyqp5_Bww1EDiGaRtOTE5iio-GjNOUtQBsLoaMzM9J2uGVj7_xjWqOmwlufT29RG8vyBzC4KOSTcou0b8tsAxYgCvzHXnmev-SaZHo-pk1,Bigi91
7aZjdpQ58pP2vZtieo9ZUJeNTpx_dQlwGfcZrN91lLovY9E3JGIegCvZ6TTVG3d9DKKq1C_-sItJkAaPxZMDp5ZQN3EIC3U-vYP2ujlODhM1,Sindbad
yS_CnSXNJKxoi-_buWfIGtVyeZ8z7x9gh7wl-4cg1LJqMq4kT-3YyI3-k8NmBUaYkOVkaOlo1WD_v5kXP7yAhTmunWMBKPoOTabllU_hUMY1,quappe76
QeMzwfL8XRzI3ZjuGpR3-v7bVTGwl0Efmult2QaABQApPNo-QhgMSUdsRkyA0FjWgqWHmLWpi-6-jmzi788Y7Y9ZEki-npr4tRHn2Ez5IhM1,ayan
JqlX-5yU_vx6ZUY_mBrF7dDT9npUZbYXbKHU0Mq10gx79mom6Lkc-u9qtHyRLGET6ylBshtM_AOjXisRK-4R7xSaufpwNLdIQqG7hxYidnk1,Sydney
q_a1BjN0jcAunp7bpINu7NDibs9bfuulJ1gsjRS16lrqp47vjglVIGpT3z3YWcdiyBgmc4ENVbgBfDGsi8SdyEetYISmx29XBVJO0QcgKPQ1,Graf23
L7fjitQJldCcohqw1RBFW7Npyp4mx-vyN9sbZjV5TLbB88Oplf3BOW5VkTINagniZKdpJTY3rOsdceGP6TPEJdiRj14RHHVqzbbL8WrOVGg1,rhoven
v0eDFt1N4upFQA7sAYdh-ieF_YPDkaX3S5GLXZzoGufQxuEB0kCSm3t-u_9Dqq1DVVdB0J7otXpUpzjas9DFo_gOMAMJUtPtIewoXN8-eZw1,Geisler17
wHiCsF7M07QnYgXUHFi8WzVUA9KZCPjNsZtJ9o0Hw7OLZ22S9ctmPaVrMXQ-laHVHnl1gVVluOHx3xIUwzwwbYTDgsGFHG9E68hYg1gcp8E1,Nadin1979
NO65Nhh4_DntQtYS9U9HoNgAKFjEhUoYSirbDIHfSn1I0UVHVDie8gvsAufAyXGV5G2KoZ6cU4ibl-FN5m3VsdiQKY2GzZkLT_AF8wzbE601,Shampoo
X8Y5j1h2mebeM9uQYtLcgIp5LklAY-IxYp63VDSqY3DiTQE7-81lcfFk3a46img5ab4VqfhYOdSt9IJS5psQHgSnotcUdjndfEaBy82Bpd41,Gurkenkoenig
h5mtuLlrjS8ncPUmFj7d7JQsxrEd-SPn7ct01oIOPf_c4V61PJvd0o4Tiivw0DZhz_7mmwN3G6b3iTHZMzo-u2U-wVP6ExgOl59uLRM8UYs1,BirgitK
kSWWB5msndLQi_gv5htN63eiblBp-hk1HmW5bPWuD33dPG-Pi1xjUhHIHDB0c-Pdra7CaPb_-z7nM6CI36FQ6i-x6gcXnOIL5Ba5WpO0dPM1,lukash2
6qvLs1kzeetOXedXVocyQ2WlAKKHYPSjnI5RwnWCNjZ16_qIraUPK5xQ0jWNAlhw7uigEw-mxBhAgGb3iB3fi0yCjFjeHdeQfLrNE3euRIs1,penderok
VvRNmv_aoADfdFJabF5ntToWQAbBT93RE0iMJ_E1vDfj3ttvzR7ypvaiNhUMf_5r436ogua7Mx4t1PNtXXgTGaBOdtaA8vCLtIaZYnZ7Gqc1,123
3hDJ3V1MW3M5yHTPpTd2RLlsEfobWMgSanI9h_4f1nmLhpLtme-fYmg6MpxiSQHNbcELz19r2hMKMIh9RCPlU1RLUu7ME46n8gFnABD7Tcs1,krenz
I1WKVD8LnfUHxHwPh0il3zc37ZcBhqmGDRuyjGbcy1ZlAUaHTU7T-Y0gxf_aW9Qo4nUM1HD17skXd5AlJihkSrMpLZKbyCb9Ugk_hbPxr9s1,starchina80
adgzUdzSek6zI_mdTwIopxSA6fgMoi2CmiDRxPE_3Ny7Tf99kWVeaFL_6Vz5R4XMxSOHiqtRz_vUhcWPYfKSZUTlQ7utxhU0nKsSSPmWOP41,MackieMesser
uvftVb9hNUYl-S-Y3Qa3-7rv0jjss403JhW3HSTSe6h5vkXFyJ6YK-lNR62X8az33nERG1jqT4NJBX23ic6BD08Z8mF-MAQG-y98xlvJC0s1,gayd2201
IRQF_gj0RNo9fLyFDAilaNiONI2HKZ9b0QipYWqyN6QOOjZsFqV_hG1IhWVt9oXh5AzqGGClM_sXWjLo2PI_Fvlcrw4d3hXveVxX9JnFJ3U1,Boomer1965
m7kOKD9JvSgzdNxZz4OMV2qNvYdxNG5rUGoCSy8PD11dsJETbKy63FZuB3ruz6v4vj2-fwETl6bhcVOqE2ZWY6VH1e256b-Wxr2Oa9ecGEU1,Jasmin
hYL9FQxkZgvXrmmrF5CqZaLUuAXf0Ac3i6Kxx-E6e7s8Y4IzH4x4fWhLxFkL3MOUEYHGm1xbfv-9Ad95MLZCxM1_v4frSqcZv9rnGCwupPA1,basine
BteVUZCoOTDCktq1kS77pnBY96bUzA1WqZmyGRdeO8N_qG9bip6dXTIKvHfmvNMg3XRb0SBV5NxdbGsZG4rkA8Wsq3BMIImRYkDpicv6MJ01,coco27
f4lsPSxkkhkTpsUoHbyJjyiFGZhGfw4xRXcK8y3YV2f5ALnVCWwlF9r8LKGpsMYgIhSBN2B2sgWuPzF79LRr4B4yII4-MMQLo8BEUMypUqk1,DRM68
Jxpx0iajev5_GHPjYIH7d5TY3c7cgyW5Bq3DTbxfPvUge2YFmdEuLdYpqQLYgVueOWEvH4DtCdf_SSJoGIikAKSrgN6sBBPN8g2b-g61ju41,Chyrus
nBrSCITDO_M02-3SQjmBj8Ao7rpB32cyyUwQlUERashvNgYtz2z3wqkVmwBFEDg77zhf59nZ5eJkUnJpi6ltzKIgizsxL_i6ZzbP4qkBK1E1,Tina2017
e33Q-wP0vEph2idM-zovsRJbMDk6rdeax_jK8-eGw3SUyjeDnMNatllBKdL-8uju1E0XIIL8WNwGtGwZ_cqv1EDuUBvfbsoqOGliipA7oXU1,schulten
tpjP4tXaZxNlZF5BlnYMksXCt6PJlJjMkzC23I6NkZwK8KmwqoS4UxPDx5KCwW0-JempohI7LX5Gg3N4qn40aHRqG7tFOIciZEai1zQ6WAM1,WE40
qgmfwmuRz-nim1uziCa_VyeaF6cs2q-O4--k1d5_Zaqm8VD24V122bBhdJ4ErJoZ9FdIBg3OO7Kx1Dhp0hSTAiIFNPGd0k5W8IdyQBE5pa41,marmartin
5WrPUjCvA5WYf_iGij5wlNmG3kbco_jqe5xtGoR7H2crO2pQrI005ZzWWFWSR52BS_q5VGs5emAGzuk_K2q-uBFwNwy9B3IDG2VOzV0yXyw1,simtech
nLLzEZc0Fd1MowhC9uyKdg4ulsSRgcb6jnf52Ya1GW0amYFcFkQv7-h-m6QGIXT_PbKe3xW3lODE_A4kVTgAq-emWuDUnermxi_Mn2zzc0w1,nemere
rAzsmlNqVOK_SB_7e7FKhMhDWrw-qVdZqPKP4e-VnHlU2CxPRnpGArJFNJjv6kFwNXfYb9vQjiT9jPxqlJRA5hqgbNpYJH7ZtAalnyNYtko1,Blackcat75
ew9rtpIL4uc-6U8VVCpd9qCHlEUH1DLR05UhJiMDZ8Ng6rBtn2fVOIGvsBcyw7Qf20MjDCzDiXVi8H-jPDbslz-ykRvPPN-Ej9wdU93t9dw1,teddy
K0qwWjIvV5M005a7fWH9f5ZIDMXVcfOHFKLKkCYHkAJ63HHUmN-9aOJsG4-JUmg2wET7IJG4HZ3s5dGZ8n7B-elsPRgYfrJILaAiG0gsZf81,Snoopy
EAvPhzCbZmzU4dkpO48bNybv0DRdROIEzlbmT9oVMsk_ubre19D-DO9B8dGu8UrrHJU6sea8eHj2hvYVhH-5c5O5BHBXy6eJYH7wuJNU-rU1,999Everliving
tebHVQ4NhaOpEUzI3jawqOWs3yjVG9gckSWCMr9I9dN7lGJxxGCw8Py4k1skpB6NgpjuGObBXSQB8s2O8xq9RvspXhrFn9KWR5teQEn4j4M1,ANNE
BcwN85SAec7n_XbAYYXt8D9HtXQJ2ithgqY6nh-mqrkr1SkLESHw9YjaxsugkBJyLsEr7ILYJB8M7GZ6Bf-lOL1kiyR5SMCfOLFm20T54xo1,garda
wrVJDPXxam6TEZTO09Pq6uhKVawaqqzOCtLTUJ-eF0jhZpAEEHo6FhCOd9NvNzjhnhSMQma9GhUM69m3SgRG81FKmNT4JpzpeCMJBsWKQCI1,alex
DYLb3oyTh5wXjlN-yG-K17Di6W2s0LK9rOmTOeTYbmPscj32PrsgtQcpEGGlFaBIWRUptrfEPXj-zIUmnn7Y44cU_464ARezOxxCvSaP8ZI1,Chopperlady23
n-XMgicvji4plwmwQfxYonSYvM4DNGnt55Nzg1ujpOgHdpcapOsrATLAiblrv390UzkkNf8dIpPrCuLlMYhC39dr4VP7bA12rcqI5ytZ90Q1,alterSchwede
fUtXX5z4NBazcQlJ7yMZSqU8YzIpNl9jY7BV0Ua7ml_2jwIBDPjfnMEV2ARMSBQL8QsPXxD3PIEJCjLglVt0OItoQ_eAAleUVzgJ1FIa7v41,KerstinB
P3XhH6jlutZiKou9luOWXYjNfik6hkwwev_mQwZbelZLgS5Cu-x-6Xqu2VAIdkn102te5WYZCrDUniUPLvNzBF4Zu1mMTRBFDzgOBSYz9GY1,uwenrw
XOv66KoHldhASt26iHZrAY1D77iXBAdCogRFUFLa9kbg5qQlKOaxb21o3wcujV9e4wFsSHvdmEQQpRd9ZYMNYLvXHEVSXeVDklPvCTn3m3w1,ToWi
Ne7qBDL93fT_6F0U5rdcTvVmz-xmp8RGtUZn12G4KVax9KLcG2CYbQ4xXwb_jV7TJmpLRmcVyRc7T2ifhTUCpDLJ9dVpgzVWFm1p7hTByB01,bernies
e11lzHBa6jR4z-kvMGifFDKZkj9j51Sml1C39VAcfeZfOFCLhFVmv18s1qaM5KZzXTzYgA6s1duy85Drm2cl-QzzSCMj7Vh8wqn4MPYtFag1,Biene
OYD9KANyRyqUhZgYOtKXl8PRJejrEyd-XcTZ84D4tpiuMKBYbnzDTrG--omMh2JMhHWGbCdytofd4g9QxT0lSGl3GhKllN0yWXou_FaogkM1,Haho
RPwhhcNTNYZe17esaVI4Dl3eOgtUZOLwRBg20JruXtytrxZHsTfAkR3nAhpUBBn2OJtslxpu8KKZcQAYDX9Aj-PuW3MgKKP0Fwn9OphtZxE1,Zaches
WnrQEAcr_sSooLAsBPwfAseuOs1emkAUwbZk7CpPeq-UjzBKaQrBhzNhoLD52ZUyphHcIR0rTWzRImegx8x1M_1JS5t5xi6W_nBFu-DXr5M1,Michel68
mJat99aGaX5YVZPzAeX_jVbMOS-L3EFx3MO3Y0FEwHjOSoeJyc4im0WUU0hjVuoRsNEtCMMv6wV2NsrS58ZHTaiyhw7KX_eeG0B_eJXjqGk1,Mil_385
uTSWH8uHnh1PspUYKqDXfm2uJ7SlfdS3l53SSdolHS3Zic8GD0pg7KoAiO9bUp9-hzhtksijF1AGKwR48sBoJoMvwfGNpxDPj2jqTMTLpcQ1,Brandenburg03
iIYBhfMqXP2BtWrSohD_fLHBXgKRQn9R9NYaZ0axfZf6Kx00fphS1-EifsqHqYPSIYh2sJFAAdDWGrVzOO7i0HwTcCNqxyazl9BQW9mBK4w1,snowmad
YlqAXEciV-9EchnMXEpTwL_cLPni04oEviWcZnC3ItCq_wTOsB4ZNvjtbrGCrUXKiFCviYhm5Xhb0mnek_HEAgYUFjk_p1xqo40oGg6M34c1,user-b
s5n6pKc2i7lP3fnhdU8AkIR7ti-8xphjZ8GK-RVY6zM6HTjzk1qP5BsVhltfL-XbaoLqepYmSazgIVGzW21BhTVWyEtM8GidJvgW_bP_zpQ1,enrique
9-VheX1hYMWWXfRJCuo1R-S56WVdyKvJ4UtrDvPDMRj1bmtnfeuOk942RxHCG1dLvh4iyOpNt3r8FfCGDSRpMN-vDa5uOg0l7LzwPzFF9LU1,Thommy63
9xiwuwfxIx9G6dZ6dKBiPT9KVuqlU95KhvOYikVscsNoRl3QQXFW9twqusI_mI1jzQIA1UX_7P4FjRw4294Mf_Zhb2ulC6egBCF8Eek_44o1,Marena
sMiGUhwmKaPnd5s49BtYODIYtYK_p-kYXU4J2tg5GaaR5cp6YrZgtaMH-0g0IbbmD3pe3tMOj9YI-oYrIwrzF6Ud2Hv71o38tplqy55cNdo1,Kim
8b7fQ4XLKT_hYXNdtdncSQtOs8fO--2TITKJUK4jl50EU5hFExlo3xvuc7SJYXWcTTub4jiRWQi01D2B_qg-XUq9QzRGlTNdi_yFoMUgaFc1,Babsi
XsIl5VR705EBW0gd-VVA0eJOqXbTHnEQJvXvYQ_M4pRgYADXQv3-GHUmMLsOCEzPCuUGRmIO0AxmGeo2ZPs_LGa5sVWtt0KlJQMjsz1Busw1,Carolin
xotQJeu2Uc4aLV7ik7DuhFiA9pbIoI4svkZz3l-9cpxpbGKQTm6V4Vc3rQIL487niy8RQWysCK8nwK1avu6_yS84gEvZkZ0oR5bRu6Yaa9A1,Schlumpfi
dQA-xuaGNeliVxPShlk4u2bvzMdvkKJ7_sHlpOiCS2zgIMcbrm0l_1yON3-CXnOjSX8hURTMEEIUW5COzRI1BaqZyvjU1n8lwIuh4YDOV5I1,Skorpnelly
aZdCiFZJHoUJpNXG_m9kZ1sb2LfnRGwOpFM_RnxUh_TyC_9HvI8jWDxvNgwEuDsL1m8EO4GiLF3mQxIZxnpmSEdX-C2B3eDGNs0Skxqp_GM1,kaiblume
jVfAuzJizhqCRCbAU7pLVrqVYCOz48J4__nMqBy_q6ltbvfIEH6He6JPB0Aq_HtLX-xOKcmEH4XU6rfmhPJCOqJ5zLZg9t9K4_lGHGiiCLM1,hhoefle
tB_ym5xZOoJKVI5mP0A7mRZGsrTmyxFN0zfsTtLtspg8NZTo0szjDyBFgvFQ_4QXah0KovkGDnvapkPWH_ViDRo6-Y4P_u4hFbk9PUjKvdA1,Barbara
fiiDz69EQgo4XTWRXBOZKAe9NZ_8RSXiUijI_TnKiDHzJ1nzGr6jNyns64ev8TWWKIZMmpKJrAMTg7DbJiUFmQf751rdxDicKStnzf2Ffdo1,Bea
9uEGKTbzD0kmBxRwFl2Vxl_vevtoE5pF6p3SrxZT-NlkUgnr4AhOO6Utns3zDR0rOkOX_n98DnoHQQQuEZF3wqkD-N7EuixMm9DNRlUYs0Q1,turtur
WcvSEvfgZsVvkkpsk7IIXQTLrMlkf7uXtJKP9I_q_XNAsG0qy6RYF0sro2vsPlsf-1ioClSwKAYqj-TJk-fk3kIC5dVeCQaYNn-fKHVwvqU1,freakbb
LuNDNL7Is_Ix4Y_s01tfXrUZbd1GlpOCn8Ku0hMQzn58S0f3sL45KXiQXqvIEbM57jE7mmVuvTO1LNwXBWOo1tGDE0Ov1BkxpfC0APsvVyE1,sweetme
oAaHFiZVRGXT6hdcGHa8OhALo0pdTxMbAzzAVS4NsSHgZ9zIWs7ZpeSlqPCeEIpsggHHcKdFU34QyeQ3Anb-lb_UTQEQv67IHUKnIV6pv2A1,Smiley
ic_wrZvUrK0bsyB8op0RGLUa93vT8KySfgCGWXxCnyY2zYqEBM5amIxzmyhHzbnW1uwg5TM9HDz8P6p3O5JQMQhf5frUzGSi9vdZ_ilx2AE1,JonErnst
kSWWB5msndLQi_gv5htN6xQ4d-5umDOkn6XlUfk2-sLj3pNS6ktUwFSQ7ogQhoauoHLbkJV9XySylplMwLktaV1eTO1Z8a1KWZhZhUH1HXs1,Hajo
O0Dunh89oEytddd3L1VUEr-vtV2ahYXycsAhsBk3fqB2LcnPeKtUMUDF0KlPGRZABa8HImGHFnxQygr__W-18-VFGE80tzGZY-AHPaSbDOc1,mairim
ICCSoRdT1IpqgYSIrowbsUmE-D4t5MJJN3IgCszb37XjgeJyFOTAz3jIUGKuqMMY_PDlvU_zJwuMuQ8iZof-kyHV_lpeV1kPjnp98ewKXx01,RolfBrands
DlkejPEs5JOPJaR3-OPN4ZHUf4LBA0OC5js1YXYeNX24F5Lm3calRAfxndRkFJQbsmBmGrf5CF-RAssLNtALx_PoZE6sDRgueR8NjFjMJL41,VanZanDen
9-VheX1hYMWWXfRJCuo1R9iXNWjuh3EztyvGzGyvgpbVoRxkdhPDTCTIBDCQ8HLARR3D2OPwhSIquKdiR9ivAZesNae-m3C1IwLaCTeI4iY1,Istus
n5T-B6kf22lJckU8rT4u1IJWTXaZ5k9jJ7Fy2J0VcamhV3ElCaHSnDuuHp6LszBmTXid-BSvxjlHUX75jLJ4QOU2bYkN2n5xssZt6j-7w1c1,Komaekiki
xtXvBVe6FVX9qUQDAylfuudwUuv9k0008t_2YVJtmPpdthbxdC-aKfflsoPVUtArBEhJn894QIzdOm4CQhBazksuCJVN2jdHQxry6Cv76OY1,lulu
1e6TjUg2DK29kpQZZnrMoH69WCUuHRAv2jcKyd04EgoE03FICBj0aZR6I3gr5BFIzb1bR6uRzZmmb3SolFkvI3Is0tLzoDWDgkMDSG4XZqU1,asslan
KAeMHkIPv7U1Ms5YqsC_RSMsFp4nRd52WscGp6kOXUFYHKABiSaDCcUB5ctAPn5P0pcyXpgNOnBoPTyHMhGJAVGcfnvosQIRjARsdYi3x2I1,DaniK
IbidRxdm03BQMSsYpqOMtTRAhtW6TaFdQji-VeqcTMcjbKVYbFy2oroHCLoVqOauBbndZnQlbjaNHk73begK-rJUXNMJLSc0Yy0bcntwVN41,Drwotson
0SAPwXIi6X6WQzmMme3G1U_YZGTP07R8T_UpFfd2UIF1pTrEjWs2JJRa0VyyvWaXSKe8tC6g7PwVyUoan_78lgc4Voxk-IeMDeebcHb4HYk1,michael
JMe6ddITWP6ISsMWjTpF2j-4-MgGyeNQClq_gcD2LkPtW83f8WVY2LNmntQn_8YE7ZcFHtPiXDBwWUnPhKVujPb6p95_PuWj-xaCzkP6Y5U1,Ketzerlehrling
B_oVimWHrGjNdiEPnA-sOn-8MgMucpDwJvracktdxp4H4XwIjiChCPoSzhTP6l7B4ot3_xCwwAk7qJ0QXAaGZBZqxCgvlXhezZ7PY-SLknk1,Dodo
s5n6pKc2i7lP3fnhdU8AkBmFBjMAXRyf8Ey0jdYsNA5Lz-xYc9v-t4owt3rl1UwQf8IDYUqYuimkGsG2sQIhvs575_7yzOEtNQDtOaEO5jY1,Sam
za0lDa7x-mnHd0oWQScBzk0MODyK22Q6MGsl64By-5N4keouxyXgIkIHbqDCAuUbyUJsRUZbCaeIdAeI3Uh8CqSzJpSu3y2QV6JVxXR5VTU1,Tolgonai
zSpTskjff1jOw5ok7X-xq-50D8t5q98VOIGtbR7i3jPHyPzUyeF5JgLIaCmSJtfUxkD4krIAn7M4xbj4elHKQheKD4Oq9CoD8c86ZPDOTfI1,turm
LLGFs2elhxeHlexwxRM6oW_BrVdq_BWrgmS2ySXQIjgM8C5xJXwscF3a4yprtHgo4LmyKUNgtYGDfFRAINTrX3Qwdi_Nyzm33gZJOtvmQ3g1,mark123
peaqNy9t_YOOA4PCacoWBKn_fV0PIhCvKHk-nk9EXv5LJe8MWfsOkJotn7j8saGwhtqmSCBjRkfZ6KXhlxdkk-i1t-eStPI24ntQW5v3lrk1,callalina
pGUW52DEkGKagQ0HM7Lnm9ZCiPT7sd4XnTANPO52mnyG-o_kD4Fpk_6CjPnBIDsu4kJQ3ZrATNsCKya8tFt-1fom4eTXlmvKARDfVCtDtjw1,ES22
mSI3bJ2hdwnruKHDHkuo8aGdoeAjlrWrGfLuOd5_mRoAd0COOCCuSi9V6hytQdX_W_Uy3mxCS4j8ngoe2KEy1R9S5bof7jTUgFBBrgGCMR01,Chipsie
9-VheX1hYMWWXfRJCuo1R33H--4NKLsUc65uN1opmX66JADH0mEJ_30kfov9YpKZa_91XRBRkpVWQKnOwPl-UxXcV7S5R_6ntEJaTnSOIHI1,Teilnehmer
XGZ7zEDdElNTMeEpIOZ12VE-GscltVFMto1fPhzjItfmxnaxvhCPMqKLYQj6kBHq-jpSgnOARyP_g3UWDxc5OlkQyLwvmGIfSWdNH-wOMB01,Lilly
AZZoWC5lsHDTkRkLHKkjy50X8CmlcNmnq2Wq5mZM6D8wHyX6qXAviwkbVc37KC0DoNV1gGuEYX5qVrU98_t9GMU5wxLczfqT9rsJckrCLKo1,AnjaSn
4_l4aNa6mtHCAOlDurF8VrlEQKuKb4cGtroZAd4qGyMQGRGxI2-mD2Fr0A2koBdGEG-c7t-yrn_MkEt16EssAYF092XXLUKX6I7En_ljeX81,Gisela
_UB1LuvDeV-vF3fTTR8Gnb1FRKdlYGXv4jVXJJNSP5MYlBnYvkMI3VaYeoMyWYuA9Oy5UgnCWYG_czuL8wUioka-2mdXNkTO2KubwhkH-VQ1,JuliaDrei
Y24Kb2Jfuz5Ii5sBt3drFfHjRn7c63S0rbNc8_FRNesvKkDvYLriIW6C2sDFmbZ8YDUd-GRZjTwe_jdyjee0-af-O0L226KlaTyVWqxDv0M1,kaffeetante88
0VrYieDYHp4KmwGiBXXLg5vw4t-gKLE5RIyVFmMgQft6ld8CEg6y71uRcL8nzTn_EcdHmnNQ0G9oLr9kBkJ71YisoFbZgvHPudxsecD1WJo1,moboeri
uTSWH8uHnh1PspUYKqDXfrGg2E6NqBoyuphfgAcxD5qhJrxkaHzqO3uvh_XFqS-DDQGYfw8YlZ23ri9KICnONue9g15HNgYmrV4FD4vRfis1,lorelei
px2DW2vFDtuz0M1zY7uwBdxyZRCcDUXxu0yBTO9UzjLJF0h7hvG0Ro3WJ1N7ac6RTWY1hD6DQtDwCrzPZSAVwjxsLsH66_VLTMuQ-r75L9A1,den27
UNFy3IaCXR0HC4qO9A9dYkdEX2I-YszTUDPcw03AVmjWy1w20aMfxeyYRHwRdY4j4CLMo7S_6zOAMaoTabU_4sgk3ceJLXzqXZuMa2lrbjo1,renny05
7JVN3XeO5EeoHuW3mvPTzo8zCJIaiFsQ3n0SyIo0fILT2Cyze9Cb2HGq5x44pfeeTwwJkCS6_XTFhS9Ub83xARYiCgapmuSs09gSIOU-WFs1,pig522
_69ROnsdsrZ3Y1xGleGbURd8DzhSFh8NEncGWJmeNDJh0ZtruxveBLDP1-v7SC9bTkbbYj7as9kZHtQ36lMHhHiheoK_fbfABXkBxCHzW281,mia
hrX7cdRrmL9UwZmCEooIJbLH70wU3Rvue-jBnHUVW02iSrmw2kte1fY3EizEv3Hv38EK1xRjrnfs0zoXE_LessFXe8anjab9eD_ASV_uo1Y1,BoyTrader
HPXVAU3I2E68USNOPWTYaw3SWCCWjAju0ySI8dMoQIpOWmCzZWBQFPq9Qipc6VDWITEbEDRGarcHn0f37EiDg_-vHr4kKB6gHhZFRcH9WMg1,Husky
3974a4r9YAd4UIO_Ltq55vGOS3cHUow3fqdU3FD_fxsA87ou-3bEk2SJ9HpdYU830oW6lDywLHXis5lRPzunsO31noRD8K5Rbqt7i70mLf41,diefcbande
AsS30OI7UA7-lJZPEhhctP9i5v_yWmVMpwHusJ_rjlliSsUetEZPA3UvubS6TcFy13QWEXGlNNDI7eevnOm4GnaYE1H4JArYJq-2KWaAqM01,Uwe
j5lSwk4flAtlqE4tGVbxb9KPooFrhHVNNbkDZoxHouibA5c-5OaLNO6huJw0MpABPCrS5E3QMCRNzJtRwyZVa742FIRor4zyGuH97CunGQg1,HenryDusch
mzSjk3ewKxXwJMOiVc9vvw_OHzjyCJyBgWXpx4Vuf1yEilijZpxqS0HMIgqW_A3pmOSjBV7CSSvMs8bsSvUY6t5US1yZqqcvZ0hoOHSE0Fk1,Vaenez
MW8vZ5K3JDaIq5cscP-kjlxPv6QsMP5yuQZB05KUpHSJjJqYS_3xZFMgvuYDJKkBHPByIgPDyFo5vUf-N4ROXs01iMuNt5h-7HEvBJAv6BQ1,cubus8
WxYxTYVZ729QudJePtobxB0SJzSr2VQa1alltYEwKg0uTNlT-tTy3kdfmGBM30gyRc34upffK9PCtz7EI3d6DVNDiesHaOdvKwFlplJSTcc1,scratchy
JpCKpeGyq-Masvxad23ieR_X7vNXMQcIEuu0aFRtKZ8I0qYyaJgwXNgYRdPWQt_Vr0Nf2iMlqsG2Lqau7TUskoh7r2ek9Ysxn7BqCP6xsyo1,Lg22
UgkgQCEnIHkZLnQ7Ay--SUOuDxasr8zl_K1i81cjlwfzSXEkn20_vve29E2Y51sFt2sxlDKBOSL-0J9o9rviaOTGk4Vn7cMZ8_AIEAOvu8I1,Snoopy80
WzeyXVHWQWo6TXTS1xFypQCLKS9RuS-Szva8d6LTNBT3rnm7RE3x9cBng0hBfZ7ZylkXNi01_54VGKsUp8irPrd40WMC_H5upXDEqh4slBU1,Sonnenschein
fqNBd8Vks2lXyoC0HSLB64MlefqosSNVJki5npqbg-Rb6ZUEu6_5o9xwtO5C2Z9oBahc5NY2hjJex0l8qQmpqERJAt5x8Vu-lrhL7XTMHvM1,becky1978
lCIcuj207tQ8SQsKU8rwsER4pt8pWh-5L3ZnQyYOKLKAUNWELnHIZjqCpZChDQPXVp_CuD3JgfZdHibpYy60R7gnPoxSIHnagj-kijuvgjI1,Silkjoy
rfTeBlbkG9HhBNUQTbVaFka2xGr6d_UZZXge-D7wf0eQ_L-yG--Xa2QiNjSXhr9CY8SR8y8X18ydWJExpm-p6MP_FS2Tf8v10eF8kuku0081,Petra
y8T9JCi7zI7dSUl5B10_8dVDNXVMUp4oKOOwGy7AmkoAtQo2gEhiA1aWfBgd6AIOU49zn6pi29Q7wPvPMxRuaAo0xF9VElXzByHHuXCFAgE1,HazelEyes
wHiCsF7M07QnYgXUHFi8W3WrcSPEOLRz4BSrek82mupwnf6pURm3AUMpipeEKLJvfmJtj2dFGzN-fPDsLgp_zDKBnHdYAUlpu9YvDlaJc381,lisa5953
jQZ3LpTu_sFysJMRsT0JeYEcyR-ZlLZNnoBjNlHTX6ctph67Sfb5QQMP4rvJUjs2r7AlAgQABF6akBbX9bhxDERhp8afOhCacZnLfc4TOnw1,sophia.roehrl
WSSyu-YWgFJp4f_o0IixzEtTGq4WAperO8hoVH6zSFZabJHyslVmx5eGrfRF97CIDcLgJNBWWxvIvAGoinrbxFi_KWfkZpVqaFdlLEgxd-E1,MmMmMmMm
HGfu7-e3vxnkPNP0sCraRhSx0XUh-h87AaQ9MmtGqC2cyuC_dDERmMKz7LA-d8QDBSaWoHN_uNHubtiOAYMr2VSCkvd9bF9CI2jSUiADJ5Q1,philo
esxfFUjAWuoofNwUjKKlFfDJvF-XwnFgzACP92aFMTzFQ_rhDyVWKruGTzSkrth_ja4AEayCL7_rk-5yzbxzd9mm4-6wRp0Y6mt9stFEhCE1,meinemeinung
CXhikj7rQ2h8cGo1BBLZScqu-Vnvn7YYgb-Y1LRFgDTu6zBN4Myg4JB1249NQ5ZyeUe1cqqoys87klPCkUcgXS_tkZcg8v4dLIf9dKvyaFI1,Simone
j5lSwk4flAtlqE4tGVbxb-bchhlL_qMKRT9Qe8pQH_G5BXVCTiCr6YSOgkf4Ib0i6BB6DL7anf6qcLmSNgRL9seiLQkQxhfZeThhNReVNGo1,Baghira
1jmqaUTXByAlti2K446_x5Y04OQoZ1OkZbbnKrJ78kkHsekAANVx_4UxL2RVJuZCmKvlBZlncJPPCuD48D-yY_qpNZqRnJu_-ysys8l1NU41,hallo
I1WKVD8LnfUHxHwPh0il39k2aHAh47JfuP7Kd987lXBXXXREGXVMUMJGBacJ5lWt6YMhh2U48MQqzPD1bBwLmwkxf3H9aBL-BTy3VBerq_g1,thomash2
gnPuLamoSn51V3-XG3i5JuqBSVQvOPBvpLHx6N0u0C-_tHSpxuQAIbB0DYyiWGuMUm-AcJ-1gi4nkTXRQfW6ENtObx-sDcCizSy-jGUerJQ1,Fabienne3
W8o6NsRk3eQz1xVcDG-tAhCKLA1uItaIHzTDRB19scolib2PEn1pjwbqDxWYsjD5FvCvui15Ab_aCe7AV2iY_Vfzz4zryWkeDqEQVfVPUUY1,ralf_md
qp9_SHxUUewsIvnaYYFtFlF8qiEQmjOGQ45FRrf43muDUvvGsIYGo6DeuwMOwS8RGyjssUtEby6shkjOzvtAhRaYYFN5XJCWs1cQsD2xuUY1,fivedan
fYrwN8UUX2O8F6MA3EheUu3TzxKTWOFksz_luzd4jy9GzMAowE18zfjB9ipZKbLYALXQCWwWuX9gGPHA0IfdPssWmeHZ_m686xC5H5kUqIU1,pyrodoc
KawMCCpAJ_bPXMcFwMrH7cIa9RZSnH6fnsa0JdiKcz6Zo7CAn5Oy-t2bBAOEgAXVSTKYJwrMtMkvWG56JCWWklZ4y1HFU4DZ8cGm6qw_3G81,goertz
VSNtzewdXaU2sYYhj8MtknIB945DKzeirqxNUPxQUgczAc-o_SAok2leKpCiLcrloH7Bo3S2Yol_PvBuf6UQYNe35pLbZGwBvwppKgMhrmk1,Kampfhahn
kqFnIoLYhe7b1JqJdprVmgSpj1IeagA1Jb7Fqm1yoHqujWzVMxFd0I1g9G6B9Dq_G9tvlu19ybiFJyzY9qmZk6jJEuf4DgKqp50bD6X6eR41,girlea.98
f6RBKOEAT8OLnsbH8FniQlw6nWFqc3O2jPh5SjMfXpIVYngdr8FYR3C_ZlxxBRRKnQg-z2FOgVS91UprsmJsR85891r5l5Rs3hSTqEWWMLM1,Fee88
5NAKVIxagNiG25ozGFjHXZdkEiFEMXNCkUGOVM7YkCG-bBdRjWLI3IAFGgrNYnUcqfKu2sW7YOgWJxii_gMOLUtfRVNPG7mtpkRhVz7_RAI1,timeout
y8T9JCi7zI7dSUl5B10_8fL969ff7yin5cN-WYn67Xcny6ny1MvA65LYmc-_f1MnmJrgEMF785OoJhLMiKPDlgOOPK_ibuGGPpihx6dofEQ1,maxi
lVusCw4WssnJCw8RmtajfxSk-5I0M3T8Jf9LRJsiujmMEXT0sNAbYnU1iyW5cnzNSusl0-QLh-Tw2NhtJja4bnZ6GzDHW0Jgg73E9IoYuTU1,samson (=sami)
f4lsPSxkkhkTpsUoHbyJj3FeJCaMdkNS5LWHhgXQNYdsAcjuJtrEL-j7kAZSB8IV2-RYu5syZD6oLg1dshVK9d2Ierv8z1-7GM9dsPSArZA1,AndreHeinbaecher
47tMc3eEK0WqTyeBfWGsvfj6lgoMs9w6hlnvY8k75hVkkfgItm1Szmq1XvKJQyx8JSBO3WAA4caWzAs5SDJ9DYsZZiIPbvsvAjYDGrnDZPM1,Molly-HX
Af2mluiGDZVI4XngDLc1R-cBdGPOSpRdBZnZ-KO4qLet2mHv59aQH7rlDbXbPoIrCyewCHm0u-6jCXJCK6OT_3Drd9Yr3sLizEOHHIQ5g5k1,jinwob
CXtHS0fkFREICQ8r7jeTdwEtpVAsUZtVssqSrnGwN8JCtiLxlMNMKqMGpx0DsEqBWRyTogBWzvcYpVrkSnIlInI5ePQS30vC5pNAfGLrg1A1,turbooli
aQKv8dphvlaqifF8A28KYt4J51gP3c1SS6jAECoaNZyYeu5mol7wS-xDxWN5K5QBu-XnYhnw1M3-9QpBEf8iWMyF3XDyUjo3M3-Rcblc9CE1,hrbackes
UAoY70ucH-APbssH6R7LY9SuKCCRuw-VBcJqvWKbArpAtzlMowb7yB_fHE00nZoJvcgQpIh3F9CI8p92UUhx--NCNWYBvPFpi1Y9l2tQrnc1,HGM
7l-WMNWUft8VwWdWh9cCLZylVPBsL29x-VCpVdypsBqP96qYe0ogblRFV9YWgdlyLT-ebuC0NlJij3iiw0RgFAjphUKbE-8lGyQgwzFDaQQ1,Chrissy
6KleSIeSFW5obkXurvfWSf4gjdbgmbCo6Hw72IW1X2UdkatDnQYXrr98AJPVRoWNO3DiRYD8pjJ0bSCgni1Z5xRezpxI0eoU0RWLfB4XKHo1,Gaby
GE7qwk7NNpWPZgGNV7bQzjFgUAPY-rlr-taBF7NhMRPYq1aUCii5rGEEjzjKXsMrom7abc5hn3zEHuktim36v-iZrF8bLkNS9cy4Trnynxc1,Karin
jx7IF-xx7zbAyQmjWpayjsNpxBfwTOKmDHk7VWih0QcV2J1wccXMi0yYDLTUpcK0E-e9v-zb9K8qeQZdjWYmLcSog2Co5sLlnrukUoyIdik1,Pinkman
D2t515-7zX8H9d9exvi8OzD4BawtuMwIC4l_lZNNHbhjotQfLKLyr6nO1hoL4KbfsMNlKgBKrSsnVpvkDDrUwF5hdpdBTqRaCyyO42RhqOQ1,Bozzgen
7HEXVnRj_Noz0logP83vjNQp-sIsfttmxDGKhf0Sl2WVl_cgaqBcuP8J8r1dZ96UG3iftxQSomzoPz1GoiLEq49UdocUxhPMzm4-kwhHUXk1,Hopi
AZZoWC5lsHDTkRkLHKkjyzvAQbHvyeCN8S8nlI-ve-mlAeBKlTkfXrnhoJBVw0a1g6Nlz-OGKUJoKQGpW-1G_ea28HcBgifDcjFxGPyy9cQ1,WS56
M8CMXIJz-T6xkUDHzHpK_WJFrnKtiBaXIEjrY5BUAomwZ_Jsr8mpX719Lp192pVOLrjABeDYZ-HgyduHXub0DIU96IiGlcINzs4ZNiHW1TQ1,karri
FrKHJ509nzE8EjT8W_RWyedNsmIkUnORNek4Qd8xLtmslYiYTkr5PGxBGkxEEvw-u8idNnYqYRvxc6_JZfBmY7tjJtI9blJzRuwRXLzZq6Q1,Bully
vzo9eUXopxbw4QRzHCueXtWp8yDox6P0PF4-tz1bA0duD8gD38cxUh3C_BoS-D_xGD_qn3FqKndHxe-gKnV9fVYQnf84ZmxIito5LFHXR7Q1,Kellly70
QLysn1lv-pcpGVcaRekYrQir1aeNHW7wtW_HVkCTlMzD6VvqPeWHSlzG2snfZmufPWcQOiwAAvbK0zSwT3J91l0y8PLkJC6zYsy_-5gtG8s1,Anubis
a1ANKnPpjNgxX-5YFQ6PcCiw9s8tlFOJnwpNkOMaKoTDfD3XHag87aX7V4ELODgNNw-Q7jY7LWlvinE75-Rgw5yuIXYddNjmayLQR0p7E181,Vicky28
RfoprMIeRUkMdQ86oLccOnQRvf4j--96KgR1O0asIYRN1AxFqaH-PwRP49SNSBAi6GOoVjczyN4DZV6Yxkt2ppwnB3c7PMNyaDrNMG2qzbQ1,Uljana (=Uljano)
6XHc0eX8smeWK4ekvOVzTUGZFRAQttdxmMzZ033PEJ6qezyQf2JyZmG2n8c6pXt5Ud9SMT1YZC2K8NmkMwS4XVoRnifdMbg3lOuv9WIeiWY1,dominik1
rQQNIzntegBJDiwUR9koztz3vODyk_KyLng7_1s2dskBRT5wTNoApi_C-kPjFqkkq88F2JiAhjfhrMkUH-kivaGwvC3dBkQmGIfM6s_31Jc1,Polarstern
dhnMLpvuhs29pVuT3QLAO5r20Go2EOf01aopVletayW5KuZlIad5g_jUYqAZznPYXzR3zR5qxjTXybitmLTMHCZet7VSG8_WF8YEEfSlTjU1,KarlKleist
E7x-9Hk5TPH2mjcIPdPSJN9qyDEZNk3PG4UGk6W7yOEptZJDU6Bbd51A8athsQtQQq2oP1tnF_TEL2NjH2AwZuznnbO98JS3UEFrqyMcLlY1,Holger
kSWWB5msndLQi_gv5htN69_iuHXixCf636TUdTfFXFOc8jLZGTrTJzwfsFk3zLPSLDreaQjrSYb23CtSLEORPsVab_7sZiYNWa37nfkv79w1,Engel
ssvMQgG2ci6Vm0eUIPmd5WuSzrC15FyFAOGPRwz691flcK0kPZzasFTslSYMBJT-4i6x4Rs5LludnB3xNWPX2EriSUrp789EC-GZ5p4a4Nk1,RamsesXII
RwqzWllR7XHGx8eorXqZvA9r3Tza5KulE8u7M-6K_8OodOh2kKfV2ku3OZESk-wpXEnNs7J9RbewzBAPuCDF8Rc2pOiywLu1Pqs0nxneujs1,Lezo1516
k4MlVsScOUBLC4b0rG0UbCYe0ENTWINNb06VQzs2kyRgsRtuh11wgLPxIsgHHF9m0K8uRYo_B0NCqPTM778JjscMkT0-ONoScgC9RBmfD2E1,CalleCml
uhk1YD8LM2TfXG4PLx2wCokSFuSzS7nlUByYgP_1ivaxPPaOfd-7FFoGTdZmMwzJaevvLrfa98HMTIcB7cJUgDW3rNL_RWA4k7fbIJT2Md81,AlexKnaak
IbidRxdm03BQMSsYpqOMtbozlnbZ-KnlgdFlq42xILgQKJwu76909tQpFU3cz8qUnIqvO2ZocaWbXydgS9KdyBb5TJQnnQGtbL_SMTyzlMQ1,Tigram
Fx6j8DVCCO8VKun5YUVtlbrsDkZV_AV5iYojIsNW5h_4p0N1F-PIApo28uzy35qAQr8Ni1ojrIn0GAUHHxBTrE8fnsYPuQZ_UywyTK97O0s1,Regina
IckwT-7iIDmJSCWKAncawGxSZIDDPHLLwiOW7DBExhmbo55sGBLkMzoMqKoB3OAPTlTu1oDeDCNWO2QhhkdKNy6ojpqCFupGhzsMocdKysU1,Kati
n-XMgicvji4plwmwQfxYoisNViR_lBsifUUR7Gq2mPx67MrqpMVLweyHizKKfxoUO78D2ASsjPbfTRZfkiOb3Wa6BFYDsBr__qhoJHTktSw1,Bea1
hCsLZr2wxRBxX_DZy40WN6TsLnNTgZXzFvNWgsofEa5TqU4tSRuWm_J05WoXaEB_qLCaSd3Y_wAND3Lh6M1G8fIg1bBitUG2bt1DYWo3u7s1,Luni
HGfu7-e3vxnkPNP0sCraRtfd9IaK8jWeGhH8BxHpfglRp5aZIjuLf0xxk-9-XavRmDtTnq_ElNLfoOMBeE9l10wRluFGHCDO0lZAeAvS8k41,pepepe
n5T-B6kf22lJckU8rT4u1JPaPrxI3m4JcOBHxXEwzsoZK1NtaOqcBAd-fY-asGBJb-DbNjDM8FEpaC77QbdxS56g0mjNpdiUn3I9iSzRiF81,Pittiplatsch
QE94RaHZz69QD3OwSgGJCPLO0DRBLy-aablMv5iCe45xOx5mxYCFgb0ek15d77UJRBO9ns2nuc7Y004LXrp8bBdjWVC8wb5wjMsGAMwdzY41,Mikado
tB_ym5xZOoJKVI5mP0A7mYCCUQ8t5HnWBSLUe8g7SqBXWE-ryJaKhzsLzd_cZxzpeqsbNangmqhAW1I5IJq41XVTV0OmONoABCr_IITJigs1,candy76
H_gzVqQf8xAKKGZUDHAjXZ3JqFr6hFwfUoYE-E2NjB61-SN5KFGv6sRR3LXvY2b2uOYtJC8oemMQcJ6SpXQyHSkZZa0Le30YzK_dv7Mxl5Y1,koala26
Fz8E7mq80bppBGRiZWNpIGkwWbEcIIMQQMguW-H98gOKT0lOBmNP-DoAoZ1QoZ9wRuXIytFy5UTJULy9T8FDCU4FODVkhhODE091akt65d81,OutbackerAS
1e6TjUg2DK29kpQZZnrMoFOBFIidYPo7rJaminV3RYewJel4f6zX7xw12oA-ck2ZmVpwr4V0jwXGCf2yvSThdZuowQv_rcEG3hNZDWeeSxs1,Giu
hYL9FQxkZgvXrmmrF5CqZd0EhW5ZWOMMZ4m4sxStP-05eGIZ-JTuNngmcDQWZYfweSvszMnoBaT2hhtToTrVhUkyQQIameo418-gkZzg0PQ1,nemerB
zjlNu4kYGLbNV1l4nDfU8HKIWedHfd6gLUd_IckjOwINZcbcjJyNHPjW13o0b_D3ivotsCA2fSTv4saJBOnSUSm8gp2dzKggjPUn3qKjEhI1,tiki
O_eaGQygpg_wH7CPX1P7GpRA4jmgDIRy1ARBfQGbgDacvVbaQBrg8lIYX7LM9niWyvSmEYtK8cmanhclhqQoN2fS2xhvUDwYzL8VA13qIw81,Alex1
ilJ3fJYXylpDGy9VmElrC4Awk2v-KR9uj56xVMtKi-g9YCS1H2iac_dhOfaYOswiuT9XtIyLu8GayUlNOFQGnvslV264ZkQVv_C5xezxpNY1,cairomoon
gWdcTqatsPlX532zXC9LmI_cgCEWmf4V3NAEHTO8R_B_izV-4x-KW1h5CPHYed1GGrm5JxHZ8Zw-tdPeeSe7aWxsEqlU7F9lMEgYxTFHWq41,Marlene
6JVUw7N9-Uqyqf5QTxywHqRc_JqlRClUNppi5RhvAhMrnUI_3IY_YP2HW9gmeqKsqVBP_I1RXI0suohcUUBEIK9Nli-AJph1A2IiO2JV2YQ1,visitorz
Sb2PM1SwBxdbPVzxF_3af34EfURjo5AG6m_MUZDFjY5gMiCETPIVe687LFk6hH6WyWd3-J38raslDNrNe75SKfZi5aEmkX3N_f65_AmRZRU1,Aileen
CXhikj7rQ2h8cGo1BBLZSXquCicVm17eODcR0usSnohcPBg-tM2MAxpBS_w6t0NRLoU-SYUxTIcynMBLwoxA9FXSHyoOps14-IGWzU78fik1,Ganimet
5Kx0BKJrWjJwdG3d6ctYr-LRqCKcHfNUoC7rsiaDiphAFFstX3PfUOqgaZJ_YPDzmLP3IybvjcI29mJ4nqsdc7Djs-TRXWCOZVrHxUXttlg1,LottaG
qi8nqJz-jdNA7quQZVLlLRab_R_RDIbWl-q_ICOH1NQ1llcDDICzOBLAkgKWTPNZoi0bfXps_I5sr6AS_i8QvcFwpHftCimyiVhlPcK0qfI1,eiche1961
W8o6NsRk3eQz1xVcDG-tAnS3_0oP-SWrutZuod_xJmOs0umTWhCZfmX2YjN0oD5Q6KXT-6YWoRroZq42Boj0NZ7IHkdDeeBOx-KoPrSM4fo1,troedler
MenEOc4CCG2el1ffVuR6Ak6hJIl3kKrWZV5ev3XO9x7VN9iO8sMrr4T2mQF4o8Wxm-f4Zw3MlbXJD8_Gj3t-4ZuQSrHGqX_e7MQsnidv0hs1,Cbailhe
kcOYDkbBe9hD2x-ScaEA4NrEMNzJE6P0CId2vqw7KbKP3wlXuZcSNu9CrEM9OGq1xHQp71WJ5AKF4nrCgPzrrQjJGysrbBEX9wBRJ-X3iMw1,patent
DYXfdc9KJ5M6P7ei-PylyXSZf-0aJsarCrYixaVtaZ0fZthe8efak0ZyascXkOokI_sluiqeP4rbQ-AdqnC-4CjbPNLMoQlnupedgc2_W681,TINAZ
WnrQEAcr_sSooLAsBPwfAuwSx_Fd4yziEPjULFy0BbPvFCeRqp7FlbH2iCPQqVzSyRdn7QSybL17l0Ic2oOKZ9MmWI752cWndxKAmSRRa0U1,kleinschorschi
DYLb3oyTh5wXjlN-yG-K1zVnpttp9O_9kHVmBAle5bv6mf4KPCO6aMBYr8SbvLVTFfHunlzPutYRVo9iDyzVvF4NpTH-qEx8-4oP34lmD2E1,poisenangel
MOsiNaT7-Kc0mXOjAco9FaINaHdh9c8ZgZ9MM28TW_lLvivxxLrXITIa7x7Ea3pvGaDUo71UcPpPcb1igcxL93viU-kMZl-d997U2okzqPA1,Shynodd
RVD9fTXzzpLDBAx10ip1_9_Dtq9FiezJI21fATthJOIZwW2csrYahSPdEFc50iMGx_OL04zrEXnTYZdq9DVp0ZBR7IhY_5i2co_gyCO53dM1,Belieber
xAsXsKsXa0Vb2mUKBDu513Xi04TF2J67BYVuT0ipNe0ND543XsDWnJv56DQXynHsUUL-IedwzTM1behR62o-jqiIzf1LLSaBqN2LxCBlVZs1,MDMA
Cgl7jc8Iphn6GHefyVpp7Yzgy_5vPTntLooEHeNp1di5W8XL7aSsK7qUrfwwfTvG9pnvGXlw9TPocPfo2A2QTR1tMUvCtylArZP57RB9OoU1,Andrea306
BEERZR18eQmAqCltRAzBxtA07l0qWIOyKx-nwhtdVqTLAY9A59w-7uljhZfIf_jtaiI2ldhQxycCv2KdoGIrVEYomfxsydTod0QsQykiVHM1,blacklady
gruk8F4QED6EUnKiNVaT1poZyl_mB5OZtXBdOoLgwi7xpmk0dUhkLtfTSFp23E3HtLlM0DUbM6u6tQLUxDxAe4vOe0GkYqvfCM6W8fYRtwI1,Ricki001
MtJwYh3J0zt6_a4ABsnGOGjseFr1zYKLGEij54dKdLMIb7mysyglh3BCW_kW06sawkoFVgdq4Umw4zsEzwEGcldwxdWP5w3OPUvcBrD2ha81,DennisKl
CmEIoiRE0aWswDzx0pdxUMCgB6LuZZZvHIqBiUeLG7gbcUOXfzQU0dULpsb_2D77xXVv3KNqwNHmT9yqNRoFj2v6pGkKmEkgybw2L5TZyis1,sigiwip
g1fgXnvgazfJeKVGpQosBYj84ZPFDO9i50uSuJTj0bLCIw4VgvulCddRzNLzCEr81nzUlrm3VFiEKZpzduBZj8JOBvcZkUxcClOAZrbmltw1,Gerrito
ekW-_sv6rn_n7Sku1ajVZUBbSNxU5US6FsN27XlVlI1OF8PsfZw5KcUpR8Ve568SO4BzndcEq5z7ebCI7sNOzk8ksBydZY3esG8VXHBRHL81,ononon
RVD9fTXzzpLDBAx10ip1_4sjbhSvLZgUVRI1Fj-ccxGXNUm2VtB2YG2vGZhAWg4Rqr4HaFxwa3QYxDgKuG-iMX4Nlj5sIdSmOmWI3n32x0I1,ClaudiaE
XqOpR5lqmL2iK0-WWtbP-KZkeWKAu5-P0hzjLs_cU1fcsrnluTO-vAqH9yKFq9KyytcGBIw0T5UYhZkZaf8-mS9OGG5nWSNFdf3Z2om0hoU1,eberhard
N5M5v0ZsN6l3UiCpm2_iJ3woq-hF36dN-p8e5j6Hd1RJhmjaIPH-enJpfYTL_7sMubqQxu-8kHRQF2KXug8hT0ouXBQs8SQZvkOv8wPUsMs1,Micky018
OJaHk0xzgcXNgqSnf0f5HAlMI45nHQB94TSEFwlHWO-za7bl7PRJYl5fBZMob0jsefhL3K-hRSjEI4Yo3YTYOx7CLDTd3emS123ovu56Jvg1,Markus
ejLeNx19uCrkO1ZP-LkOzFGHIPUA4e0W0-WTRHvEkTj9WH9H1IS4CgzY8EBJAsc9aau_JHBa0DOQ3Z-Cawzs6UcR9z-dLeqehl0TVizF8iE1,bernd12587
A77t1IVt-bu9sfOpA2tC5jemHg6o3EDDqIXM4ZWGr-gp8OeEcyiEW8kuf9BKf7uvvHGuP4uvs25xfuzWSF3zPfoQWNKGP_B9K29w4QEGahg1,hannesng
HGfu7-e3vxnkPNP0sCraRo59RIjgFS_u9Hs0YWLgu979DjmalcKLRgbz1CA64pCAsEOkbQie7ci-_fx95Bq-VRQmGjCBb194fa2t2f6FmP01,humppi
1e6TjUg2DK29kpQZZnrMoEneeprUtKvLflK72DrYBN7CBTzec8HGVAFQankl5t34htpIVIBsnqol6H_C_92UA7-4FYNmPLvZa8QnKQC58sk1,Stm16
c7U4fGzS3vLqm5VdOF12jBweT7lQSLfgfN0p2WH29RevpDs7ysNIrFbKudFaB9SqMy32nQl2W9uWPuX02ivz_14dgecib2ijaUxyieTeshg1,NA
4_l4aNa6mtHCAOlDurF8VrLjyuzSPOkxk7HT-DLgH4MyNSGOxwyP7lXh_XQMIm5jhlKwsSzgHNJJ9s6avU3OowBTwC-XBYEKTraHyuLWfCw1,NA
qi8nqJz-jdNA7quQZVLlLf2ycy3BW13ppbvQrAuK2b_YpWkufsDcHdWttj3o60Q_2l8tAYMwopg43tUUHM8EHKlO19tiNHrb1yS2D6l3q2k1,NA
_xLal0zP3XUzkeGuBMHMJH6vsaVj-Yu86RAYbYHjEW1Qp2S8jk6IZ_CoSIrrN1sbiGanXz6LDO2EH4ckl75pIqQzxhPXrPQCchaRkYRXd5c1,NA
7xh3gOooaVEBNvk5nCaucqTy57YGZa0XiptW5hJqfgwXpEJOb2yuqsSQabxEChhdNoDJlUvYvKvopwKXXrv5QuGvAoYnAJAXM5_Q27Rx_YQ1,NA
lYkvoJp2Hf-PURnLElmLwZ4i0WT7FIHs3Md4U8Ks5j5dpcW_uOwnj3-tja7J-Tgorv-CtIMXYVCJIQUo8cvABEocnJzDjAEQmu5a6uh4Ens1,NA
RfoprMIeRUkMdQ86oLccOiB6cBHXlW_-frsWCrj7Ms2wEPiFOpzu1p7Qim8m3UowYkXRUstw7amtc9r6MrpCHsWuLASuELY2kfbFqzArj7A1,NA
Yu1gnOsD95TC5hZIBoijjDWdbs09j-gkSXdYvnuvIsOuCKR62bpd4fqQY0JTo-piQr_wZM9tavwpZX-zC6fIteKoPDsFF6UqETSCcsly8vk1,NA
Pxg4lnRKRIlUxXldjN4a6uUQJ4IwI75G9ws2Gh5Gcsk2DjAsjfzpLPuojd7VQOnAou4Yh5y1fo0Q6HEVwxIodhw1VA90oohZCbDQVmC5cZw1,NA
BaJscSMQ-QtPvBJeESIXkhGz-9r2PaJOJKeeT9MX9U2wMPgVKy8Q8JhwCWOQy9SrzeSZC6NQjOhyusGBJ6Cd8arBP8k4sqJ5-sbj4vuwa9Q1,NA
xhdvZPMvrwy6uEhVbjDVmSDpPxivqRtAToLn-RaR278mK1LmGE4S785vMPAeqJNnm4JxoRvpjcnCgR8icFM_EC_04y_k5pldSFju6osn_fs1,NA
qJLsnTrzhPqsp5o2TUnARVD5ToBgFwDs8ZSAG7HexDOPLDSxVSFRctB5OW5h8nLe_CaeR97OLqsj5gjTu4GzPHnwm4xOgGaYqb86zV_TsBg1,NA
L7cF5-jrbSqm7Mc-jzpglR2IvsXTY1th4oDyllRCwlpilHKizVEAbtBqnuCYwh2VV2aBgC8NO4iCpw3NJfN1cDVgDG8O0MwOj7tV50-sGC81,NA
Fx6j8DVCCO8VKun5YUVtlTJVYvifjptVqwPXBjxglSQZR8H8QIe5sZGedjPQSH2SJgVnqtKZnDhrhywJKSTEdLVANY2zflrge_81Bz19X8I1,NA
WnrQEAcr_sSooLAsBPwfAvHbo8V5tEc6xT7nqbCDpCYeJx69JuTLl5wJBlHn4WRr-WdttqNMun2hR4MVT1eS6y7d0UfUwhKyQvKZlLz3nAg1,NA
wHhQDK8Ubj0RDwb6ZDTlVFQKdX_hOX-jdIyrzkXODqETBcsJm7DA8zyCGtq9DabNjvYcEWlkCV4s3S7huh-bVOdyBnz4KqG9N6_245gbagY1,NA
x7ZLGMOJKL-Sg4EzaWYSv7OY9YRtih6L5jxKmCAmhkbt99oSEyz3-A_llm_Iqo6EOx1HaGw2PtGtTYwy3OhU7m15VsEEbeXhFahbgZTuKcA1,NA
D2nuDkHyu5aiEUr_tihHBuMlnmLFYOpTUujwktp-e4hKwi2HQeVNtjHPsaPVgsnrCP7QBOwx8lr8LVFfNT1SuytRO8uJC7tn11g9wmAoL781,NA
U_wam9prNkdQ6zdi7rl87F74_hm65ZQ-G6pd7hMWenyVyy9egRuHfcODwHUMDTzJdVNl9F8GjGK_XseXsNn0RuiPLnVXnkhxda8J7L_KYck1,NA
DxbNVES_2DdgLr7jfg-AhDKhBgPv3mIgrQoNu65ou0L2YXDfT2LJEpWo1g5lBcVLfj3CjnrL026QphgwdaUfatbxX_LFVSey3E8wF50Hguw1,NA
KAeMHkIPv7U1Ms5YqsC_RaW9fwY1A-gqkSi7E4g-BvaRWODo7sS0LOjckiDnVNhSWegfP0YyT0kk8PRPj9COBV1F0ymUlXL7y0e3RJmxFfg1,NA
_lUl-cO2lieN6BylffsatHBHq3cmUjkGVwfuMSGKMZy8uZ3yrtkTU6OmSYkIfYhT0NCF6odgTYCkU1l82KJUaVSdX2gbCku-kMHkfF9TH6c1,NA
P5WBjJI2MBnZIGqIaEyb-BDsqpSYB3PPK56GN5YdWy606onBZPhVGKThC0usHDyX8n7ZDShnTlFjuUXzlSpu8qp_AP4CkXeKeSVxVf3a8LA1,NA
RVD9fTXzzpLDBAx10ip1_wq-8Sd469Adgl-T58umMkJs4qucbxFhsZitIwz3u99vzGGTCWNeUyQGQB9nuCvbBBDBqT2stacT4HV9kI2a_yg1,NA
vvoQLqBankcYRmYes8sFcAgk7Ovd-N11kADaCx4484kHggOkeYsThtw7_FTGqy3CcLhF28-cuc3q8ExApTd_OfjeSoUfMspmy7o8KhWfpGk1,NA
ejLeNx19uCrkO1ZP-LkOzNcuxDhF5IzpDbsBPjuPuV3gZFy9N_06vg7__dgRDPMZ0Rg2_TS6qTK15hBThYfgRKXeE0bP31Yb0KG-mTG2Uao1,NA
bs9oLchEXFSGmKdIeao76J4vLy7c-1a3Ynl2sDfvUzj50XPD3awApEn_dELCMa4MTvUTrWF5yZP8yuuAkewt3CgPUZgU1wPzpt17IOFzFLs1,NA
yW11sCDotZ12w5AzA1GaZ42gNhShXaIc2-MEEWHeZuPV1P18C0SINNJ5xKMArJbt5ZWeDvdOuKU_v2OjQm__S9gyYUqleqHueVatbHqbZ3I1,NA
pPWij2BB1NGvvjFyesjV4D4L-xUQgn-Odnt8V4zALLO57gVeW6XAOYNwjiLTwqgzW0zfMUC0adFxCiah9cpSP1kMk-wibHcAQFbvYZXRQCE1,NA
ViOEtX2w_Wed7OBPiby6VgAWPcd9ttMMrqeZp3I-Ulkepuee6GFyyIdPul2LLppMEF4mIKjdex3af-kfnwPSpY6BQKfU0FBYfsDOViWyHCI1,NA
zjlNu4kYGLbNV1l4nDfU8FKsQs6lsnKVrMGvyw6qkVfIdBTqaotPAxu1q8wbsl9U5wJ30AaO5sErKWANor3kJ8D8fIUPjaGkodJClsSh9M01,NA
DjqSpvE7MG5QFMc6nFdhNoAjVzm6JNAIdBPFFrU61zlZOK0hUtX-s35k_7grn0s1lu8adYki-xgj_TcmJ22g_kjwjJoyns1UbnlSKUCnyLQ1,NA
vzo9eUXopxbw4QRzHCueXvTGViifizt-ArgYwmfmTz6s0_w_hOjP7LlBkD06DMZzcxsUP9iq9xpm1kGPVubeUaIlbuJChulKOK5j2f05TUk1,NA
-7hy9sHrQocUx6mUhzlzW0yP-QMdsYLgkCUcqI3sgW55E7efij-mL1c6Nu3qUXSOMxWuv1o9-SyoNvIJZInK8TMSPYBg-M_CuKpRVBtvn9I1,NA
vzo9eUXopxbw4QRzHCueXn_XjqAUJZgfE_3jG61MoU1krJsoEX-IRAAWodhepaCCT-D-YlS27WvCthts3RV3P1oEBItE4SQj5oMfPa_QpVA1,NA
Rg96m8RUl-3gMSPK1oxluv-o9Geo1ikGHx4pTJRMYW4FQYTufSUZVoSMtlu4IWBsJ_bmvxvzgC2ALjyskkn3Emcre1i139LQQFpNGNFfk9w1,NA
XpAdXQjs5sqxMOeAPafneYSjrwh8HuWGbmDmPDMAtsdEQYGwXxmrTP882JCrncPYfi48hvE00DfH6NsoBEHyfK0kBaLpzZOd_u9hFlfvuUo1,NA
5WrPUjCvA5WYf_iGij5wlI6I-ISNJKiYcLPQY6WycDPsB5MDNV7BICivoTfSigpSrBGs6PdyrT35usTKATRVtosSTWzYn6NC5WsEqtdRbO01,NA
ltoqljWQ78BQOKZHkkQTln7Jz0D0hGs2VTUBH7FAy43-OgI7hhTg6layXmmVbHd9sisx8icFe558Fp3q42QiUByfYrYn0QJWNGCtj7gYq_81,NA
tV9YjEm_mStUqPEzfDZedjC8jNXaWJy2GB9_gUczPNNLiq1VP3Us-umdhUm6ly_xla-Fda8uujM24h24yXuC2K2WqBsxs6KGtBK5VoIHvDY1,NA
nel__yFZvUnTdfEoqSYJKt__cCDfQmUzz_XszyWb9dKX2ZNgtucDT9QRVzwvkYS43LnSCgnTc6Skkd4QnikRqUhf7lYYYwv7DEquJVyX7K41,NA
6QreLTJlg1hW25We5T1fDz-eQEE4-Q7KbpHhU6wjHWTYPt6ZL0Pb9KygBfCCaOvbJ6U9SnCkPDKzlQ55T4xDWjkLmt82rR6hy9sTQZ9H4D41,NA
JOvzxKFnqVd7jB0RPCx4oxiHSRMfZOF3u7fbFaqjw8NM-1f1T1Hnl3No3OIlKvbbCkuC6k9drmTsE6oh77jvBlNZQ7D3ShGTpBRfC3iyoV41,NA
QE94RaHZz69QD3OwSgGJCEvdF8JV5_9WOeh30yvjlvS-tVjHGq7RCETsvI3TwoR3afjsCy4as0NxRSF4MKJ_mYahltp3ytm8GGxbXeRQM681,NA
jx7IF-xx7zbAyQmjWpayji9gKTm4GDLwu0OqytDFkxF-gLc7eB4b_RKWE9UpPC894eSyHVWAXS6ufcUI0hSMnOby5AFQRcQQJQM9-zTstuE1,NA
_6NvgM6TVWdvFjO4yy1Sa178hUTx_gu9N29fyitqIxT7UP_aiHORCMRP9-plDd11th75q2f8NFcVK5p29jYpe5kDhx8547Q7VYY8DdJhvLQ1,NA
d2rBHJBQ7gorg0RkvkM2M89oozbTY1tfVb4nGRHjPxkRWfrYMvtm-08swnOJADFXhSMJXeDhGjbhOjfMEPF1Tg1nmw2rWpB-fHjc57PlAaI1,NA
y4J6HNO1BzUjkqufrsMnnekMTT6fAzVUt6TBTbO1vUInhNlZOyAZLHKgFTuPk3kFJs7BRnjP7YtOYP8kE-ZmOMlo8BM_8uzw1TJ3PSmvkVk1,NA
IOVYByxn6hiWrAZu9gPqf4cbCztrsGrVsv6e8Z5G0ltGCGg0TriMVSx_zeAWU3R7Mn9BX5nXm8ehzXPTEr2qqr956iofApJquFpVVSFfOWU1,NA
-0hh7uOvIvclBP7TXT8rCbrmQLzroUPvLlo81xPysIfTwG569UC_HakUp1QHA6ELRqtJcFSOyF2rUrBubD4lOxFskqGA1JPERf9u656Rixo1,NA
lVusCw4WssnJCw8Rmtajf5_OtbZMoP_NHuKopHr3yi99c2-WPXIGMOfbka3QHWCNl_5fiF1bkb6nx2ArUq2hEEsnfk95Zy9ueB3asxuDpcM1,NA
oAaHFiZVRGXT6hdcGHa8Oixq8kcdQg4ptARguRMBJwJ4Kuc3dG9BV1tuZI9CaveBiPWdqYcpb7ULRUm5Pf5RS_ws8cxgTlUpDxM1ddb_Ylc1,NA
TBs0QRh7KpgyC-QKRj-J7s4PcwFLImpn4pdeREFN1uKnctrT9Iao40dBr1JzGTYsEpspkM4YumrC8YWPjejWqj_WtahLAZI8jX0Ou6EsU1M1,NA
H3k77yviZQ5fTBntX0EaR6hJWbHO1luCP_5pt3sBMc9N6mncOcI_4Mwy0kuaq8MNqdYCCE2gJMRFAG1T3_ygUeLlgIUkZ2TvLyYKXe5ur4c1,NA
oCXQSUA5UrOURXKQDFfS4U0eK0fOeAJ6cfSoTHbQIhw9n39iIWOI7LLZEyQ85a3dLb7I8KSfXL1qH7o-hSHXqlNWeiJFUYrmL3blE-hQbzk1,NA
c7U4fGzS3vLqm5VdOF12jD_Z2xZT0842r6MqJgAoa0Nhqb4K6S3UC4d0L5WUtr3Rv-crH4dlp6gn8U4KQWosurf-q90lEaxm5v_WcokjAIo1,NA
TBs0QRh7KpgyC-QKRj-J7gMuJ5tPvl12ld2OqXxqB6PQOhh8ZOtb5dDMBtnPq7qvwyIlIN0rp25w7tcRhZz7v4I5NADVMUEQEwDnOL0LIEo1,NA
KrL2ucKMd-K4J0yFzwiEZSaCX7j8nvkBBsn9lj5JmEDo0v_fOxN3wRLcVqnqYSpVRTmqEtr9sbgtPkjTvyMAjHClitAK_oAYox2uv1jMJtA1,NA
ppTS9-n1_tU1gBU61-ykkTA63hAHr1ETjTVSmYOG7NqDJzTaalh1K5LfYzrc37EIs9QmLAELisS7R8Pr7-hHI1yAL_o7dChkoEWCdHyP5HA1,NA
OfYe0QDLXI-FdPCcgCk5eOzMPjdXRQw9chMIhptZNWn5ZexnlhSAvPfcOLtJcF7GpHrZqYrVJjB2U-wx-NQ0fHgAchsujcq0FpBfI_G6nJw1,NA
xj3qkae3aijVRYwGpHVqgkidTL9B8PYNxBp1_xXmwRt6VF1PreZppOB62GMYSa9uPqjaFOElIL5A5mtwrzNFVudJmeMlZjacWD8sr7BklCU1,NA
UQ6n7J46XPqriPByFDnyDN9-qVZzxYPWFtLylrWRk6Tykp52reoTrGiaegto3VfDW5IghlhkMAYIG6Xc83hWaM07AUVMOktOqaLujbzlnDQ1,NA
oEXWAnYxCTnxUfa5VqpEGJciH37qySnP1diXJ8T8Berxc5uf7gACzLZxjMXKeEJR57kjpih1BOaaIxNj6drOtO59vE2aK8GL5tOZf2Vu8941,NA
ssvMQgG2ci6Vm0eUIPmd5SjuCxK3IU6spiunZClEtcqR3Cnip2wRfmDP_COp4q2YvO0DDJbCB0CF3niYV1SDrzd8NZePJhZquOqWSzf-9QI1,NA
wHhQDK8Ubj0RDwb6ZDTlVH738OWllm4JnfFU7THtd-u15w6U8IP_yAXOXCaNnCO034OfOI0Gx2W23WaQBP3fksC_ZHS5x2Gpm_1Vbnl6yiE1,NA
KrL2ucKMd-K4J0yFzwiEZSHLPmz4Cr-s1cmQ3Ifc6nMHx_0Eoptbn0vq-ztxzJbyABaQX9PPctbOSassZMMZVOVtGemh2Km7037cofXHcl81,NA
JuqiloKvxdyGUvqC5ucCyXnUpHqG9xwsB2EItTn8er4M0QVqeppkzDcqphyfefxepTdW3fe8MnOtWFF9731puewR7e-DXGEjjNE6AmB90IY1,NA
YlqAXEciV-9EchnMXEpTwMWw1wxJCdzn2u7-TNesrm3u0wWNAZUPxG7GfSl9GM9991iEcYSsxYy3QBx6R1VUH7On8_qceoo8p80BeSRsxYE1,NA
KAeMHkIPv7U1Ms5YqsC_RY-jsg9cq6h1U9xPb1jwB4HcO3hzphor9_o-5xwnTCZz45pdeoujmH3ItLGHS0wPbIgc6ONOiLWQ6OMQtlubu881,NA
DYLb3oyTh5wXjlN-yG-K19exJAjmSKXTxdjqBMmVx2MAa-sPODcCu5Aab81tdIgv5ewN3GgckKNxLSGrmhTIjxlZ1A4Lws05OL4mhjwWWjk1,NA
OYD9KANyRyqUhZgYOtKXl2_S_KZC_Yf-DMha_bkveDhlF9pdhJQFALk2lnl8_tlKnF3q0g9HsG7CakZAPmLssf5Cu6RulAPhkynB3TjNcks1,NA
d2rBHJBQ7gorg0RkvkM2M0lezfUnGKB8xYJQ29em-eLMHk_DViG7Zd7rrloIZW9c05oNnS7ZM21-8QE6GtscEnnJx58xVmWIpugC5n6oHRQ1,NA
CPQK3uF5KY6nMgs9oLksckVKtXT1cHOjXyx-agQT6JcEfviJ91GunzjcVPcXXAdqg-pCULS3y8_HadQPBOPbtOgCBBjLkmXCUj6L6cQnHG41,NA
GbOqqcW2Epg8_B67fT6rInDP695r9MW-xFiqMMBp-9KJ3ACiPI6GEgNSEJkWyiyflYWusEVYvVUPWIH-I-ugJdunJpENHos3-3y6URzq3g01,NA
wn50HK6YdcAGCXdLwUnnDuEfheYMvyFydV8j7e5Ybfx1a2BMVbrciYbqoYQalWLNXQJvPH1X9Ct-fjMGlI5mz88ZbTyQp9jZDh1XGO_o2C01,NA
g1fgXnvgazfJeKVGpQosBfJnkwflraCkeKO4dli2b1BWDJriJzndvYWYbRmLt4639KnUms_87n9W9u6XFh0Q4vlV5BMR0EIaotr6g7PsKuw1,NA
9xiwuwfxIx9G6dZ6dKBiPYOaQVnP_cx5aDMpJVCrk80v69higeKB-JrIrLFNPTx35Wb9wp1SUad7oRUv77DuB-fi6gTYiXLDXmJotgVccUo1,NA
jRmKem7CVmEesoXv8rVdzABgnF_lffWMNdzZvFWhcrAvWnd0XN4bzkbDLOuKNkBcmTkmDCSn9nbq4GAhOJee1KmAIgP1B1lakLhVNBgZbL41,NA
Otdm3C1Aiw0_tYDFnUigni9JCyshbw02MTerUYha3EfuubF7G36552_7IKXZ0j6YniTkyU97obp0F0c5pDaIXPLD4oNX3yRMqY2FmbIEQPA1,NA
cIlzzyOv3Adb0cI6y8MlyYWQe47HXzGrTnNzHvl4Uc6UvO3KkMCL0h6Wg5uCxTYGLvb19Hn3D1SfrzZPeGglRzh__2vC1fVVq8PjB-7RyNw1,NA
